i	rgb	r	g	b	maxRGB	minRGB	c	h	theta
1	0,0,0	0.0	0.0	0.0	0.0	0.0	0.0	0.0	0.0
2	14,19,25	0.054901960784313725	0.07450980392156863	0.09803921568627451	0.09803921568627451	0.054901960784313725	0.043137254901960784	212.72727272727272	3.7127913178788465
3	14,19,25	0.054901960784313725	0.07450980392156863	0.09803921568627451	0.09803921568627451	0.054901960784313725	0.043137254901960784	212.72727272727272	3.7127913178788465
4	117,94,64	0.4588235294117647	0.3686274509803922	0.25098039215686274	0.4588235294117647	0.25098039215686274	0.20784313725490194	33.96226415094341	0.592753330865999
5	80,54,66	0.3137254901960784	0.21176470588235294	0.25882352941176473	0.3137254901960784	0.21176470588235294	0.10196078431372549	332.3076923076923	5.799863360473465
6	81,85,54	0.3176470588235294	0.3333333333333333	0.21176470588235294	0.3333333333333333	0.21176470588235294	0.12156862745098038	67.74193548387096	1.1823198158671264
7	72,78,37	0.2823529411764706	0.3058823529411765	0.1450980392156863	0.3058823529411765	0.1450980392156863	0.1607843137254902	68.78048780487805	1.2004459733229291
8	79,84,40	0.30980392156862746	0.32941176470588235	0.1568627450980392	0.32941176470588235	0.1568627450980392	0.17254901960784313	66.81818181818181	1.1661972729234837
9	136,102,66	0.5333333333333333	0.4	0.25882352941176473	0.5333333333333333	0.25882352941176473	0.2745098039215686	30.85714285714286	0.5385587406153932
10	81,82,45	0.3176470588235294	0.3215686274509804	0.17647058823529413	0.3215686274509804	0.17647058823529413	0.1450980392156863	61.62162162162163	1.0755001877154249
11	122,108,70	0.47843137254901963	0.4235294117647059	0.27450980392156865	0.47843137254901963	0.27450980392156865	0.20392156862745098	43.84615384615384	0.7652597489513597
12	77,84,50	0.30196078431372547	0.32941176470588235	0.19607843137254902	0.32941176470588235	0.19607843137254902	0.13333333333333333	72.3529411764706	1.2627970470311916
13	117,115,87	0.4588235294117647	0.45098039215686275	0.3411764705882353	0.4588235294117647	0.3411764705882353	0.11764705882352938	56.000000000000014	0.9773843811168248
14	65,78,43	0.2549019607843137	0.3058823529411765	0.16862745098039217	0.3058823529411765	0.16862745098039217	0.13725490196078433	82.2857142857143	1.4361566416410487
15	58,64,34	0.22745098039215686	0.25098039215686274	0.13333333333333333	0.25098039215686274	0.13333333333333333	0.11764705882352941	72.0	1.2566370614359172
16	43,52,34	0.16862745098039217	0.20392156862745098	0.13333333333333333	0.20392156862745098	0.13333333333333333	0.07058823529411765	89.99999999999999	1.5707963267948963
17	101,98,53	0.396078431372549	0.3843137254901961	0.20784313725490197	0.396078431372549	0.20784313725490197	0.18823529411764703	56.250000000000014	0.9817477042468106
18	65,65,45	0.2549019607843137	0.2549019607843137	0.17647058823529413	0.2549019607843137	0.17647058823529413	0.07843137254901958	60.0	1.0471975511965976
19	65,74,31	0.2549019607843137	0.2901960784313726	0.12156862745098039	0.2901960784313726	0.12156862745098039	0.16862745098039217	72.55813953488374	1.2663784340051882
20	103,109,49	0.403921568627451	0.42745098039215684	0.19215686274509805	0.42745098039215684	0.19215686274509805	0.2352941176470588	65.99999999999999	1.1519173063162573
21	129,104,64	0.5058823529411764	0.40784313725490196	0.25098039215686274	0.5058823529411764	0.25098039215686274	0.2549019607843137	36.92307692307693	0.6444292622748294
22	110,118,95	0.43137254901960786	0.4627450980392157	0.37254901960784315	0.4627450980392157	0.37254901960784315	0.09019607843137256	80.8695652173913	1.411440177699762
23	109,123,77	0.42745098039215684	0.4823529411764706	0.30196078431372547	0.4823529411764706	0.30196078431372547	0.18039215686274512	78.26086956521739	1.3659098493868667
24	78,77,63	0.3058823529411765	0.30196078431372547	0.24705882352941178	0.3058823529411765	0.24705882352941178	0.05882352941176472	55.99999999999996	0.9773843811168238
25	81,78,65	0.3176470588235294	0.3058823529411765	0.2549019607843137	0.3176470588235294	0.2549019607843137	0.06274509803921569	48.75000000000004	0.8508480103472364
26	71,62,45	0.2784313725490196	0.24313725490196078	0.17647058823529413	0.2784313725490196	0.17647058823529413	0.10196078431372549	39.230769230769226	0.6847060911670061
27	82,75,57	0.3215686274509804	0.29411764705882354	0.2235294117647059	0.3215686274509804	0.2235294117647059	0.09803921568627452	43.19999999999999	0.7539822368615502
28	70,65,52	0.27450980392156865	0.2549019607843137	0.20392156862745098	0.27450980392156865	0.20392156862745098	0.07058823529411767	43.33333333333331	0.7563093425308757
29	111,164,134	0.43529411764705883	0.6431372549019608	0.5254901960784314	0.6431372549019608	0.43529411764705883	0.207843137254902	146.03773584905662	2.548839322723795
30	145,154,128	0.5686274509803921	0.6039215686274509	0.5019607843137255	0.6039215686274509	0.5019607843137255	0.10196078431372546	80.76923076923077	1.4096890112261893
31	79,75,55	0.30980392156862746	0.29411764705882354	0.21568627450980393	0.30980392156862746	0.21568627450980393	0.09411764705882353	50.0	0.8726646259971648
32	67,62,48	0.2627450980392157	0.24313725490196078	0.18823529411764706	0.2627450980392157	0.18823529411764706	0.07450980392156864	44.210526315789465	0.7716192482501245
33	147,169,154	0.5764705882352941	0.6627450980392157	0.6039215686274509	0.6627450980392157	0.5764705882352941	0.0862745098039216	139.0909090909091	2.4275943232284765
34	127,149,135	0.4980392156862745	0.5843137254901961	0.5294117647058824	0.5843137254901961	0.4980392156862745	0.0862745098039216	141.8181818181818	2.4751942119192307
35	86,144,146	0.33725490196078434	0.5647058823529412	0.5725490196078431	0.5725490196078431	0.33725490196078434	0.23529411764705876	182.0	3.1764992386296798
36	113,163,183	0.44313725490196076	0.6392156862745098	0.7176470588235294	0.7176470588235294	0.44313725490196076	0.27450980392156865	197.14285714285717	3.4407919539316785
37	98,91,72	0.3843137254901961	0.3568627450980392	0.2823529411764706	0.3843137254901961	0.2823529411764706	0.10196078431372552	43.84615384615385	0.7652597489513598
38	109,107,87	0.42745098039215684	0.4196078431372549	0.3411764705882353	0.42745098039215684	0.3411764705882353	0.08627450980392154	54.54545454545456	0.9519977738150891
39	99,95,77	0.38823529411764707	0.37254901960784315	0.30196078431372547	0.38823529411764707	0.30196078431372547	0.0862745098039216	49.09090909090909	0.85679799643358
40	106,106,90	0.41568627450980394	0.41568627450980394	0.35294117647058826	0.41568627450980394	0.35294117647058826	0.06274509803921569	60.0	1.0471975511965976
41	115,116,102	0.45098039215686275	0.4549019607843137	0.4	0.4549019607843137	0.4	0.0549019607843137	64.28571428571428	1.1219973762820687
42	95,93,75	0.37254901960784315	0.36470588235294116	0.29411764705882354	0.37254901960784315	0.29411764705882354	0.0784313725490196	53.99999999999998	0.9424777960769376
43	102,102,83	0.4	0.4	0.3254901960784314	0.4	0.3254901960784314	0.07450980392156864	60.0	1.0471975511965976
44	69,72,62	0.27058823529411763	0.2823529411764706	0.24313725490196078	0.2823529411764706	0.24313725490196078	0.0392156862745098	78.00000000000001	1.3613568165555774
45	93,92,75	0.36470588235294116	0.3607843137254902	0.29411764705882354	0.36470588235294116	0.29411764705882354	0.07058823529411762	56.66666666666668	0.9890199094634536
46	84,80,65	0.32941176470588235	0.3137254901960784	0.2549019607843137	0.32941176470588235	0.2549019607843137	0.07450980392156864	47.36842105263158	0.8267349088394194
47	115,121,94	0.45098039215686275	0.4745098039215686	0.3686274509803922	0.4745098039215686	0.3686274509803922	0.10588235294117643	73.33333333333333	1.279908118129175
48	80,80,56	0.3137254901960784	0.3137254901960784	0.2196078431372549	0.3137254901960784	0.2196078431372549	0.09411764705882353	60.0	1.0471975511965976
49	103,94,68	0.403921568627451	0.3686274509803922	0.26666666666666666	0.403921568627451	0.26666666666666666	0.13725490196078433	44.57142857142858	0.7779181808889013
50	108,99,70	0.4235294117647059	0.38823529411764707	0.27450980392156865	0.4235294117647059	0.27450980392156865	0.14901960784313723	45.78947368421053	0.7991770785447719
51	102,94,75	0.4	0.3686274509803922	0.29411764705882354	0.4	0.29411764705882354	0.10588235294117648	42.22222222222222	0.7369167952864947
52	86,78,61	0.33725490196078434	0.3058823529411765	0.23921568627450981	0.33725490196078434	0.23921568627450981	0.09803921568627452	40.800000000000004	0.7120943348136866
53	105,97,78	0.4117647058823529	0.3803921568627451	0.3058823529411765	0.4117647058823529	0.3058823529411765	0.10588235294117643	42.222222222222214	0.7369167952864946
54	89,81,65	0.34901960784313724	0.3176470588235294	0.2549019607843137	0.34901960784313724	0.2549019607843137	0.09411764705882353	40.0	0.6981317007977318
55	78,71,56	0.3058823529411765	0.2784313725490196	0.2196078431372549	0.3058823529411765	0.2196078431372549	0.0862745098039216	40.90909090909091	0.7139983303613165
56	98,90,71	0.3843137254901961	0.35294117647058826	0.2784313725490196	0.3843137254901961	0.2784313725490196	0.10588235294117648	42.22222222222222	0.7369167952864947
57	97,89,71	0.3803921568627451	0.34901960784313724	0.2784313725490196	0.3803921568627451	0.2784313725490196	0.10196078431372546	41.53846153846153	0.724982920059183
58	97,89,70	0.3803921568627451	0.34901960784313724	0.27450980392156865	0.3803921568627451	0.27450980392156865	0.10588235294117643	42.222222222222214	0.7369167952864946
59	108,103,86	0.4235294117647059	0.403921568627451	0.33725490196078434	0.4235294117647059	0.33725490196078434	0.08627450980392154	46.36363636363637	0.8091981077428255
60	133,127,93	0.5215686274509804	0.4980392156862745	0.36470588235294116	0.5215686274509804	0.36470588235294116	0.15686274509803927	50.99999999999999	0.890117918517108
61	97,91,72	0.3803921568627451	0.3568627450980392	0.2823529411764706	0.3803921568627451	0.2823529411764706	0.0980392156862745	45.600000000000016	0.7958701389094145
62	130,113,77	0.5098039215686274	0.44313725490196076	0.30196078431372547	0.5098039215686274	0.30196078431372547	0.20784313725490194	40.75471698113208	0.7113039970391984
63	85,77,50	0.3333333333333333	0.30196078431372547	0.19607843137254902	0.3333333333333333	0.19607843137254902	0.1372549019607843	46.28571428571428	0.8078381109230895
64	77,76,60	0.30196078431372547	0.2980392156862745	0.23529411764705882	0.30196078431372547	0.23529411764705882	0.06666666666666665	56.47058823529413	0.9855976952438569
65	96,89,73	0.3764705882352941	0.34901960784313724	0.28627450980392155	0.3764705882352941	0.28627450980392155	0.09019607843137256	41.7391304347826	0.7284852530063287
66	72,67,55	0.2823529411764706	0.2627450980392157	0.21568627450980393	0.2823529411764706	0.21568627450980393	0.06666666666666665	42.352941176470594	0.7391982714328926
67	153,150,119	0.6	0.5882352941176471	0.4666666666666667	0.6	0.4666666666666667	0.1333333333333333	54.705882352941195	0.9547977672674864
68	99,90,59	0.38823529411764707	0.35294117647058826	0.23137254901960785	0.38823529411764707	0.23137254901960785	0.1568627450980392	46.50000000000001	0.8115781021773634
69	38,32,17	0.14901960784313725	0.12549019607843137	0.06666666666666667	0.14901960784313725	0.06666666666666667	0.08235294117647059	42.85714285714286	0.7479982508547127
70	41,32,16	0.1607843137254902	0.12549019607843137	0.06274509803921569	0.1607843137254902	0.06274509803921569	0.09803921568627452	38.39999999999999	0.6702064327658224
71	88,74,49	0.34509803921568627	0.2901960784313726	0.19215686274509805	0.34509803921568627	0.19215686274509805	0.15294117647058822	38.461538461538474	0.6712804815362808
72	110,105,83	0.43137254901960786	0.4117647058823529	0.3254901960784314	0.43137254901960786	0.3254901960784314	0.10588235294117648	48.888888888888864	0.8532720787527829
73	44,26,15	0.17254901960784313	0.10196078431372549	0.058823529411764705	0.17254901960784313	0.058823529411764705	0.11372549019607843	22.75862068965517	0.3972128642469853
74	54,39,25	0.21176470588235294	0.15294117647058825	0.09803921568627451	0.21176470588235294	0.09803921568627451	0.11372549019607843	28.965517241379317	0.5055436454052542
75	69,42,20	0.27058823529411763	0.16470588235294117	0.0784313725490196	0.27058823529411763	0.0784313725490196	0.19215686274509802	26.938775510204085	0.47017032910867657
76	40,23,13	0.1568627450980392	0.09019607843137255	0.050980392156862744	0.1568627450980392	0.050980392156862744	0.10588235294117647	22.22222222222222	0.3878509448876288
77	53,37,22	0.20784313725490197	0.1450980392156863	0.08627450980392157	0.20784313725490197	0.08627450980392157	0.1215686274509804	29.03225806451613	0.5067084925144828
78	99,71,40	0.38823529411764707	0.2784313725490196	0.1568627450980392	0.38823529411764707	0.1568627450980392	0.23137254901960785	31.52542372881356	0.5502224421541446
79	32,21,15	0.12549019607843137	0.08235294117647059	0.058823529411764705	0.12549019607843137	0.058823529411764705	0.06666666666666667	21.176470588235297	0.3695991357164463
80	120,136,92	0.47058823529411764	0.5333333333333333	0.3607843137254902	0.5333333333333333	0.3607843137254902	0.17254901960784313	81.81818181818183	1.4279966607226333
81	89,86,54	0.34901960784313724	0.33725490196078434	0.21176470588235294	0.34901960784313724	0.21176470588235294	0.1372549019607843	54.857142857142875	0.9574377610940326
82	104,124,122	0.40784313725490196	0.48627450980392156	0.47843137254901963	0.48627450980392156	0.40784313725490196	0.0784313725490196	174.00000000000003	3.036872898470134
83	106,114,105	0.41568627450980394	0.4470588235294118	0.4117647058823529	0.4470588235294118	0.4117647058823529	0.035294117647058865	113.33333333333327	1.9780398189269057
84	107,118,111	0.4196078431372549	0.4627450980392157	0.43529411764705883	0.4627450980392157	0.4196078431372549	0.0431372549019608	141.8181818181818	2.4751942119192307
85	120,128,118	0.47058823529411764	0.5019607843137255	0.4627450980392157	0.5019607843137255	0.4627450980392157	0.039215686274509776	108.00000000000003	1.8849555921538763
86	116,123,114	0.4549019607843137	0.4823529411764706	0.4470588235294118	0.4823529411764706	0.4470588235294118	0.03529411764705881	106.66666666666671	1.861684535460619
87	121,129,119	0.4745098039215686	0.5058823529411764	0.4666666666666667	0.5058823529411764	0.4666666666666667	0.039215686274509776	108.00000000000003	1.8849555921538763
88	120,128,119	0.47058823529411764	0.5019607843137255	0.4666666666666667	0.5019607843137255	0.4666666666666667	0.03529411764705881	113.33333333333336	1.9780398189269073
89	103,99,81	0.403921568627451	0.38823529411764707	0.3176470588235294	0.403921568627451	0.3176470588235294	0.0862745098039216	49.09090909090909	0.85679799643358
90	130,147,117	0.5098039215686274	0.5764705882352941	0.4588235294117647	0.5764705882352941	0.4588235294117647	0.11764705882352938	94.0	1.6406094968746698
91	85,90,81	0.3333333333333333	0.35294117647058826	0.3176470588235294	0.35294117647058826	0.3176470588235294	0.035294117647058865	93.33333333333336	1.6289739685280413
92	50,39,26	0.19607843137254902	0.15294117647058825	0.10196078431372549	0.19607843137254902	0.10196078431372549	0.09411764705882353	32.500000000000014	0.5672320068981573
93	15,16,12	0.058823529411764705	0.06274509803921569	0.047058823529411764	0.06274509803921569	0.047058823529411764	0.01568627450980392	75.0	1.3089969389957472
94	108,109,94	0.4235294117647059	0.42745098039215684	0.3686274509803922	0.42745098039215684	0.3686274509803922	0.05882352941176466	63.999999999999986	1.1170107212763707
95	131,135,116	0.5137254901960784	0.5294117647058824	0.4549019607843137	0.5294117647058824	0.4549019607843137	0.07450980392156864	72.63157894736847	1.267660193553777
96	146,170,175	0.5725490196078431	0.6666666666666666	0.6862745098039216	0.6862745098039216	0.5725490196078431	0.11372549019607847	190.34482758620692	3.3221439555202417
97	94,93,75	0.3686274509803922	0.36470588235294116	0.29411764705882354	0.3686274509803922	0.29411764705882354	0.07450980392156864	56.84210526315786	0.9920818906073026
98	57,50,37	0.2235294117647059	0.19607843137254902	0.1450980392156863	0.2235294117647059	0.1450980392156863	0.0784313725490196	38.999999999999986	0.6806784082777882
99	78,69,54	0.3058823529411765	0.27058823529411763	0.21176470588235294	0.3058823529411765	0.21176470588235294	0.09411764705882356	37.49999999999998	0.6544984694978732
100	60,64,53	0.23529411764705882	0.25098039215686274	0.20784313725490197	0.25098039215686274	0.20784313725490197	0.04313725490196077	81.81818181818183	1.4279966607226333
101	75,68,52	0.29411764705882354	0.26666666666666666	0.20392156862745098	0.29411764705882354	0.20392156862745098	0.09019607843137256	41.7391304347826	0.7284852530063287
102	54,58,54	0.21176470588235294	0.22745098039215686	0.21176470588235294	0.22745098039215686	0.21176470588235294	0.01568627450980392	120.0	2.0943951023931953
103	61,57,46	0.23921568627450981	0.2235294117647059	0.1803921568627451	0.23921568627450981	0.1803921568627451	0.05882352941176472	44.0	0.767944870877505
104	50,55,51	0.19607843137254902	0.21568627450980393	0.2	0.21568627450980393	0.19607843137254902	0.019607843137254916	132.00000000000003	2.3038346126325155
105	73,66,51	0.28627450980392155	0.25882352941176473	0.2	0.28627450980392155	0.2	0.08627450980392154	40.909090909090935	0.7139983303613171
106	58,56,47	0.22745098039215686	0.2196078431372549	0.1843137254901961	0.22745098039215686	0.1843137254901961	0.04313725490196077	49.090909090909086	0.8567979964335799
107	58,59,50	0.22745098039215686	0.23137254901960785	0.19607843137254902	0.23137254901960785	0.19607843137254902	0.03529411764705884	66.6666666666667	1.163552834662887
108	74,71,52	0.2901960784313726	0.2784313725490196	0.20392156862745098	0.2901960784313726	0.20392156862745098	0.0862745098039216	51.81818181818181	0.9043978851243343
109	88,87,67	0.34509803921568627	0.3411764705882353	0.2627450980392157	0.34509803921568627	0.2627450980392157	0.08235294117647057	57.14285714285715	0.997331001139617
110	34,30,17	0.13333333333333333	0.11764705882352941	0.06666666666666667	0.13333333333333333	0.06666666666666667	0.06666666666666667	45.882352941176464	0.8007981273856335
111	42,40,28	0.16470588235294117	0.1568627450980392	0.10980392156862745	0.16470588235294117	0.10980392156862745	0.054901960784313725	51.42857142857142	0.8975979010256551
112	113,116,106	0.44313725490196076	0.4549019607843137	0.41568627450980394	0.4549019607843137	0.41568627450980394	0.039215686274509776	78.00000000000004	1.3613568165555778
113	113,119,111	0.44313725490196076	0.4666666666666667	0.43529411764705883	0.4666666666666667	0.43529411764705883	0.03137254901960784	105.00000000000006	1.832595714594047
114	42,38,27	0.16470588235294117	0.14901960784313725	0.10588235294117647	0.16470588235294117	0.10588235294117647	0.058823529411764705	44.0	0.767944870877505
115	43,39,26	0.16862745098039217	0.15294117647058825	0.10196078431372549	0.16862745098039217	0.10196078431372549	0.06666666666666668	45.88235294117647	0.8007981273856336
116	46,42,28	0.1803921568627451	0.16470588235294117	0.10980392156862745	0.1803921568627451	0.10980392156862745	0.07058823529411765	46.666666666666664	0.8144869842640204
117	42,37,26	0.16470588235294117	0.1450980392156863	0.10196078431372549	0.16470588235294117	0.10196078431372549	0.06274509803921569	41.250000000000014	0.7199483164476612
118	60,52,37	0.23529411764705882	0.20392156862745098	0.1450980392156863	0.23529411764705882	0.1450980392156863	0.09019607843137253	39.13043478260869	0.6829549246934332
119	42,37,25	0.16470588235294117	0.1450980392156863	0.09803921568627451	0.16470588235294117	0.09803921568627451	0.06666666666666667	42.352941176470594	0.7391982714328926
120	51,45,33	0.2	0.17647058823529413	0.12941176470588237	0.2	0.12941176470588237	0.07058823529411765	40.0	0.6981317007977318
121	50,41,29	0.19607843137254902	0.1607843137254902	0.11372549019607843	0.19607843137254902	0.11372549019607843	0.08235294117647059	34.2857142857143	0.5983986006837704
122	51,47,34	0.2	0.1843137254901961	0.13333333333333333	0.2	0.13333333333333333	0.06666666666666668	45.88235294117647	0.8007981273856336
123	60,52,41	0.23529411764705882	0.20392156862745098	0.1607843137254902	0.23529411764705882	0.1607843137254902	0.07450980392156861	34.73684210526315	0.6062722664822406
124	40,36,26	0.1568627450980392	0.1411764705882353	0.10196078431372549	0.1568627450980392	0.10196078431372549	0.054901960784313725	42.85714285714286	0.7479982508547127
125	55,48,38	0.21568627450980393	0.18823529411764706	0.14901960784313725	0.21568627450980393	0.14901960784313725	0.06666666666666668	35.29411764705882	0.6159985595274103
126	45,39,28	0.17647058823529413	0.15294117647058825	0.10980392156862745	0.17647058823529413	0.10980392156862745	0.06666666666666668	38.82352941176471	0.6775984154801515
127	52,44,32	0.20392156862745098	0.17254901960784313	0.12549019607843137	0.20392156862745098	0.12549019607843137	0.0784313725490196	36.0	0.6283185307179586
128	53,47,36	0.20784313725490197	0.1843137254901961	0.1411764705882353	0.20784313725490197	0.1411764705882353	0.06666666666666668	38.82352941176471	0.6775984154801515
129	47,42,30	0.1843137254901961	0.16470588235294117	0.11764705882352941	0.1843137254901961	0.11764705882352941	0.06666666666666668	42.35294117647058	0.7391982714328924
130	54,46,33	0.21176470588235294	0.1803921568627451	0.12941176470588237	0.21176470588235294	0.12941176470588237	0.08235294117647057	37.14285714285714	0.6482651507407509
131	56,51,33	0.2196078431372549	0.2	0.12941176470588237	0.2196078431372549	0.12941176470588237	0.09019607843137253	46.956521739130444	0.8195459096321202
132	37,36,26	0.1450980392156863	0.1411764705882353	0.10196078431372549	0.1450980392156863	0.10196078431372549	0.0431372549019608	54.54545454545453	0.9519977738150887
133	99,115,112	0.38823529411764707	0.45098039215686275	0.4392156862745098	0.45098039215686275	0.38823529411764707	0.06274509803921569	168.75	2.9452431127404313
134	55,57,48	0.21568627450980393	0.2235294117647059	0.18823529411764706	0.2235294117647059	0.18823529411764706	0.03529411764705884	73.33333333333333	1.279908118129175
135	120,91,52	0.47058823529411764	0.3568627450980392	0.20392156862745098	0.47058823529411764	0.20392156862745098	0.26666666666666666	34.411764705882355	0.6005985955392252
136	114,80,41	0.4470588235294118	0.3137254901960784	0.1607843137254902	0.4470588235294118	0.1607843137254902	0.28627450980392155	32.054794520547944	0.5594617054337988
137	122,87,53	0.47843137254901963	0.3411764705882353	0.20784313725490197	0.47843137254901963	0.20784313725490197	0.2705882352941177	29.565217391304344	0.5160103875461496
138	96,69,35	0.3764705882352941	0.27058823529411763	0.13725490196078433	0.3764705882352941	0.13725490196078433	0.2392156862745098	33.44262295081967	0.5836838809948249
139	120,86,42	0.47058823529411764	0.33725490196078434	0.16470588235294117	0.47058823529411764	0.16470588235294117	0.3058823529411765	33.84615384615385	0.590726823751927
140	100,68,37	0.39215686274509803	0.26666666666666666	0.1450980392156863	0.39215686274509803	0.1450980392156863	0.24705882352941175	29.523809523809522	0.5152876839221353
141	98,66,41	0.3843137254901961	0.25882352941176473	0.1607843137254902	0.3843137254901961	0.1607843137254902	0.2235294117647059	26.315789473684212	0.4592971715774552
142	95,71,44	0.37254901960784315	0.2784313725490196	0.17254901960784313	0.37254901960784315	0.17254901960784313	0.2	31.764705882352942	0.5543987035746694
143	87,81,61	0.3411764705882353	0.3176470588235294	0.23921568627450981	0.3411764705882353	0.23921568627450981	0.10196078431372549	46.15384615384614	0.8055365778435365
144	87,83,62	0.3411764705882353	0.3254901960784314	0.24313725490196078	0.3411764705882353	0.24313725490196078	0.09803921568627452	50.4	0.8796459430051421
145	78,66,44	0.3058823529411765	0.25882352941176473	0.17254901960784313	0.3058823529411765	0.17254901960784313	0.13333333333333336	38.82352941176471	0.6775984154801515
146	92,92,74	0.3607843137254902	0.3607843137254902	0.2901960784313726	0.3607843137254902	0.2901960784313726	0.07058823529411762	60.0	1.0471975511965976
147	84,81,65	0.32941176470588235	0.3176470588235294	0.2549019607843137	0.32941176470588235	0.2549019607843137	0.07450980392156864	50.52631578947368	0.8818505694287138
148	83,76,56	0.3254901960784314	0.2980392156862745	0.2196078431372549	0.3254901960784314	0.2196078431372549	0.10588235294117648	44.444444444444436	0.7757018897752574
149	96,92,62	0.3764705882352941	0.3607843137254902	0.24313725490196078	0.3764705882352941	0.24313725490196078	0.13333333333333333	52.94117647058823	0.9239978392911156
150	71,71,40	0.2784313725490196	0.2784313725490196	0.1568627450980392	0.2784313725490196	0.1568627450980392	0.1215686274509804	60.0	1.0471975511965976
151	46,40,27	0.1803921568627451	0.1568627450980392	0.10588235294117647	0.1803921568627451	0.10588235294117647	0.07450980392156863	41.05263157894737	0.71650358766083
152	64,64,53	0.25098039215686274	0.25098039215686274	0.20784313725490197	0.25098039215686274	0.20784313725490197	0.04313725490196077	60.0	1.0471975511965976
153	57,58,47	0.2235294117647059	0.22745098039215686	0.1843137254901961	0.22745098039215686	0.1843137254901961	0.04313725490196077	65.45454545454544	1.1423973285781064
154	51,59,49	0.2	0.23137254901960785	0.19215686274509805	0.23137254901960785	0.19215686274509805	0.0392156862745098	108.0	1.8849555921538759
155	59,58,47	0.23137254901960785	0.22745098039215686	0.1843137254901961	0.23137254901960785	0.1843137254901961	0.047058823529411764	54.999999999999986	0.959931088596881
156	93,80,60	0.36470588235294116	0.3137254901960784	0.23529411764705882	0.36470588235294116	0.23529411764705882	0.12941176470588234	36.36363636363637	0.6346651825433927
157	87,95,89	0.3411764705882353	0.37254901960784315	0.34901960784313724	0.37254901960784315	0.3411764705882353	0.03137254901960784	134.99999999999994	2.356194490192344
158	87,95,90	0.3411764705882353	0.37254901960784315	0.35294117647058826	0.37254901960784315	0.3411764705882353	0.03137254901960784	142.50000000000003	2.4870941840919203
159	82,80,64	0.3215686274509804	0.3137254901960784	0.25098039215686274	0.3215686274509804	0.25098039215686274	0.07058823529411767	53.33333333333331	0.9308422677303086
160	96,86,63	0.3764705882352941	0.33725490196078434	0.24705882352941178	0.3764705882352941	0.24705882352941178	0.12941176470588234	41.81818181818183	0.7298649599249016
161	99,90,68	0.38823529411764707	0.35294117647058826	0.26666666666666666	0.38823529411764707	0.26666666666666666	0.1215686274509804	42.580645161290334	0.7431724556879082
162	98,89,68	0.3843137254901961	0.34901960784313724	0.26666666666666666	0.3843137254901961	0.26666666666666666	0.11764705882352944	41.999999999999986	0.7330382858376182
163	55,54,43	0.21568627450980393	0.21176470588235294	0.16862745098039217	0.21568627450980393	0.16862745098039217	0.047058823529411764	54.999999999999986	0.959931088596881
164	37,41,33	0.1450980392156863	0.1607843137254902	0.12941176470588237	0.1607843137254902	0.12941176470588237	0.03137254901960784	90.0	1.5707963267948966
165	42,43,31	0.16470588235294117	0.16862745098039217	0.12156862745098039	0.16862745098039217	0.12156862745098039	0.04705882352941178	65.00000000000001	1.1344640137963145
166	61,67,55	0.23921568627450981	0.2627450980392157	0.21568627450980393	0.2627450980392157	0.21568627450980393	0.047058823529411764	90.0	1.5707963267948966
167	64,61,48	0.25098039215686274	0.23921568627450981	0.18823529411764706	0.25098039215686274	0.18823529411764706	0.06274509803921569	48.750000000000014	0.8508480103472359
168	73,68,53	0.28627450980392155	0.26666666666666666	0.20784313725490197	0.28627450980392155	0.20784313725490197	0.07843137254901958	45.00000000000001	0.7853981633974484
169	68,66,49	0.26666666666666666	0.25882352941176473	0.19215686274509805	0.26666666666666666	0.19215686274509805	0.07450980392156861	53.68421052631581	0.9369662300180088
170	56,53,38	0.2196078431372549	0.20784313725490197	0.14901960784313725	0.2196078431372549	0.14901960784313725	0.07058823529411765	50.00000000000001	0.8726646259971649
171	34,30,21	0.13333333333333333	0.11764705882352941	0.08235294117647059	0.13333333333333333	0.08235294117647059	0.050980392156862744	41.53846153846154	0.7249829200591831
172	26,24,18	0.10196078431372549	0.09411764705882353	0.07058823529411765	0.10196078431372549	0.07058823529411765	0.03137254901960784	45.0	0.7853981633974483
173	28,28,15	0.10980392156862745	0.10980392156862745	0.058823529411764705	0.10980392156862745	0.058823529411764705	0.050980392156862744	60.0	1.0471975511965976
174	53,52,42	0.20784313725490197	0.20392156862745098	0.16470588235294117	0.20784313725490197	0.16470588235294117	0.0431372549019608	54.54545454545453	0.9519977738150887
175	26,27,17	0.10196078431372549	0.10588235294117647	0.06666666666666667	0.10588235294117647	0.06666666666666667	0.0392156862745098	66.0	1.1519173063162575
176	96,101,82	0.3764705882352941	0.396078431372549	0.3215686274509804	0.396078431372549	0.3215686274509804	0.07450980392156858	75.78947368421052	1.3227758541430708
177	96,97,83	0.3764705882352941	0.3803921568627451	0.3254901960784314	0.3803921568627451	0.3254901960784314	0.0549019607843137	64.28571428571428	1.1219973762820687
178	64,71,57	0.25098039215686274	0.2784313725490196	0.2235294117647059	0.2784313725490196	0.2235294117647059	0.054901960784313725	90.00000000000001	1.5707963267948968
179	94,95,81	0.3686274509803922	0.37254901960784315	0.3176470588235294	0.37254901960784315	0.3176470588235294	0.05490196078431375	64.28571428571428	1.1219973762820687
180	44,70,61	0.17254901960784313	0.27450980392156865	0.23921568627450981	0.27450980392156865	0.17254901960784313	0.10196078431372552	159.23076923076923	2.7791011935602015
181	13,19,19	0.050980392156862744	0.07450980392156863	0.07450980392156863	0.07450980392156863	0.050980392156862744	0.023529411764705882	180.0	3.141592653589793
182	19,23,20	0.07450980392156863	0.09019607843137255	0.0784313725490196	0.09019607843137255	0.07450980392156863	0.01568627450980392	135.0	2.356194490192345
183	21,22,16	0.08235294117647059	0.08627450980392157	0.06274509803921569	0.08627450980392157	0.06274509803921569	0.023529411764705882	69.99999999999999	1.2217304763960304
184	30,28,20	0.11764705882352941	0.10980392156862745	0.0784313725490196	0.11764705882352941	0.0784313725490196	0.0392156862745098	48.0	0.8377580409572782
185	36,33,22	0.1411764705882353	0.12941176470588237	0.08627450980392157	0.1411764705882353	0.08627450980392157	0.054901960784313725	47.14285714285715	0.8227980759401841
186	34,31,17	0.13333333333333333	0.12156862745098039	0.06666666666666667	0.13333333333333333	0.06666666666666667	0.06666666666666667	49.41176470588235	0.8623979833383745
187	48,35,14	0.18823529411764706	0.13725490196078433	0.054901960784313725	0.18823529411764706	0.054901960784313725	0.13333333333333333	37.058823529411775	0.6467984875037811
188	128,145,137	0.5019607843137255	0.5686274509803921	0.5372549019607843	0.5686274509803921	0.5019607843137255	0.06666666666666665	151.76470588235293	2.6487938059678644
189	38,40,34	0.14901960784313725	0.1568627450980392	0.13333333333333333	0.1568627450980392	0.13333333333333333	0.023529411764705882	80.00000000000001	1.3962634015954638
190	8,14,14	0.03137254901960784	0.054901960784313725	0.054901960784313725	0.054901960784313725	0.03137254901960784	0.023529411764705882	180.0	3.141592653589793
191	42,41,32	0.16470588235294117	0.1607843137254902	0.12549019607843137	0.16470588235294117	0.12549019607843137	0.0392156862745098	54.00000000000002	0.9424777960769384
192	35,26,16	0.13725490196078433	0.10196078431372549	0.06274509803921569	0.13725490196078433	0.06274509803921569	0.07450980392156864	31.578947368421044	0.551156605892946
193	37,41,35	0.1450980392156863	0.1607843137254902	0.13725490196078433	0.1607843137254902	0.13725490196078433	0.023529411764705882	100.0	1.7453292519943295
194	81,99,102	0.3176470588235294	0.38823529411764707	0.4	0.4	0.3176470588235294	0.08235294117647063	188.57142857142856	3.2911923037607353
195	67,53,31	0.2627450980392157	0.20784313725490197	0.12156862745098039	0.2627450980392157	0.12156862745098039	0.1411764705882353	36.66666666666667	0.6399540590645876
196	59,55,35	0.23137254901960785	0.21568627450980393	0.13725490196078433	0.23137254901960785	0.13725490196078433	0.09411764705882353	50.0	0.8726646259971648
197	27,5,6	0.10588235294117647	0.0196078431372549	0.023529411764705882	0.10588235294117647	0.0196078431372549	0.08627450980392157	357.27272727272725	6.2355854184888315
198	68,53,31	0.26666666666666666	0.20784313725490197	0.12156862745098039	0.26666666666666666	0.12156862745098039	0.14509803921568626	35.675675675675684	0.6226580034141934
199	50,40,29	0.19607843137254902	0.1568627450980392	0.11372549019607843	0.19607843137254902	0.11372549019607843	0.08235294117647059	31.42857142857143	0.5485320506267893
200	54,53,45	0.21176470588235294	0.20784313725490197	0.17647058823529413	0.21176470588235294	0.17647058823529413	0.03529411764705881	53.33333333333336	0.9308422677303095
201	67,51,40	0.2627450980392157	0.2	0.1568627450980392	0.2627450980392157	0.1568627450980392	0.10588235294117648	24.44444444444445	0.4266360393763918
202	46,35,30	0.1803921568627451	0.13725490196078433	0.11764705882352941	0.1803921568627451	0.11764705882352941	0.06274509803921569	18.750000000000014	0.327249234748937
203	69,66,55	0.27058823529411763	0.25882352941176473	0.21568627450980393	0.27058823529411763	0.21568627450980393	0.0549019607843137	47.14285714285718	0.8227980759401846
204	30,27,22	0.11764705882352941	0.10588235294117647	0.08627450980392157	0.11764705882352941	0.08627450980392157	0.03137254901960784	37.5	0.6544984694978736
205	34,40,40	0.13333333333333333	0.1568627450980392	0.1568627450980392	0.1568627450980392	0.13333333333333333	0.023529411764705882	180.0	3.141592653589793
206	130,151,145	0.5098039215686274	0.592156862745098	0.5686274509803921	0.592156862745098	0.5098039215686274	0.08235294117647063	162.85714285714283	2.8423933532479078
207	25,31,32	0.09803921568627451	0.12156862745098039	0.12549019607843137	0.12549019607843137	0.09803921568627451	0.027450980392156862	188.57142857142856	3.2911923037607353
208	28,35,37	0.10980392156862745	0.13725490196078433	0.1450980392156863	0.1450980392156863	0.10980392156862745	0.03529411764705884	193.33333333333334	3.3743032205223704
209	31,39,42	0.12156862745098039	0.15294117647058825	0.16470588235294117	0.16470588235294117	0.12156862745098039	0.043137254901960784	196.36363636363635	3.4271919857343196
210	20,24,24	0.0784313725490196	0.09411764705882353	0.09411764705882353	0.09411764705882353	0.0784313725490196	0.01568627450980392	180.0	3.141592653589793
211	24,34,36	0.09411764705882353	0.13333333333333333	0.1411764705882353	0.1411764705882353	0.09411764705882353	0.047058823529411764	190.0	3.3161255787892263
212	41,49,50	0.1607843137254902	0.19215686274509805	0.19607843137254902	0.19607843137254902	0.1607843137254902	0.03529411764705881	186.66666666666663	3.2579479370560813
213	26,37,40	0.10196078431372549	0.1450980392156863	0.1568627450980392	0.1568627450980392	0.10196078431372549	0.054901960784313725	192.85714285714283	3.3659921288462065
214	13,23,25	0.050980392156862744	0.09019607843137255	0.09803921568627451	0.09803921568627451	0.050980392156862744	0.047058823529411764	190.0	3.3161255787892263
215	35,61,74	0.13725490196078433	0.23921568627450981	0.2901960784313726	0.2901960784313726	0.13725490196078433	0.15294117647058825	200.0	3.490658503988659
216	13,45,54	0.050980392156862744	0.17647058823529413	0.21176470588235294	0.21176470588235294	0.050980392156862744	0.16078431372549018	193.1707317073171	3.3714652867792907
217	50,93,104	0.19607843137254902	0.36470588235294116	0.40784313725490196	0.40784313725490196	0.19607843137254902	0.21176470588235294	192.22222222222223	3.354910673277989
218	37,74,85	0.1450980392156863	0.2901960784313726	0.3333333333333333	0.3333333333333333	0.1450980392156863	0.18823529411764703	193.75	3.3815754257390136
219	11,37,45	0.043137254901960784	0.1450980392156863	0.17647058823529413	0.17647058823529413	0.043137254901960784	0.13333333333333336	194.11764705882354	3.3879920774007575
220	12,22,26	0.047058823529411764	0.08627450980392157	0.10196078431372549	0.10196078431372549	0.047058823529411764	0.054901960784313725	197.14285714285714	3.440791953931678
221	13,23,26	0.050980392156862744	0.09019607843137255	0.10196078431372549	0.10196078431372549	0.050980392156862744	0.050980392156862744	193.84615384615384	3.383253626942854
222	19,27,31	0.07450980392156863	0.10588235294117647	0.12156862745098039	0.12156862745098039	0.07450980392156863	0.047058823529411764	200.0	3.490658503988659
223	83,113,123	0.3254901960784314	0.44313725490196076	0.4823529411764706	0.4823529411764706	0.3254901960784314	0.1568627450980392	195.0	3.4033920413889427
224	11,16,16	0.043137254901960784	0.06274509803921569	0.06274509803921569	0.06274509803921569	0.043137254901960784	0.0196078431372549	180.0	3.141592653589793
225	13,20,20	0.050980392156862744	0.0784313725490196	0.0784313725490196	0.0784313725490196	0.050980392156862744	0.027450980392156862	180.0	3.141592653589793
226	46,76,92	0.1803921568627451	0.2980392156862745	0.3607843137254902	0.3607843137254902	0.1803921568627451	0.1803921568627451	200.86956521739128	3.505835280092957
227	14,17,19	0.054901960784313725	0.06666666666666667	0.07450980392156863	0.07450980392156863	0.054901960784313725	0.0196078431372549	204.0	3.5604716740684323
228	44,66,74	0.17254901960784313	0.25882352941176473	0.2901960784313726	0.2901960784313726	0.17254901960784313	0.11764705882352944	196.0	3.420845333908886
229	36,47,48	0.1411764705882353	0.1843137254901961	0.18823529411764706	0.18823529411764706	0.1411764705882353	0.047058823529411764	184.99999999999997	3.228859116189509
230	83,97,106	0.3254901960784314	0.3803921568627451	0.41568627450980394	0.41568627450980394	0.3254901960784314	0.09019607843137256	203.47826086956525	3.551365608405854
231	70,83,88	0.27450980392156865	0.3254901960784314	0.34509803921568627	0.34509803921568627	0.27450980392156865	0.07058823529411762	196.66666666666666	3.4324808622555145
232	60,77,85	0.23529411764705882	0.30196078431372547	0.3333333333333333	0.3333333333333333	0.23529411764705882	0.0980392156862745	199.20000000000002	3.476695869972705
233	77,102,108	0.30196078431372547	0.4	0.4235294117647059	0.4235294117647059	0.30196078431372547	0.1215686274509804	191.61290322580643	3.344276050595586
234	69,92,98	0.27058823529411763	0.3607843137254902	0.3843137254901961	0.3843137254901961	0.27058823529411763	0.11372549019607847	192.41379310344828	3.3582542159063307
235	125,152,155	0.49019607843137253	0.596078431372549	0.6078431372549019	0.6078431372549019	0.49019607843137253	0.11764705882352938	185.99999999999997	3.2463124087094526
236	94,107,108	0.3686274509803922	0.4196078431372549	0.4235294117647059	0.4235294117647059	0.3686274509803922	0.0549019607843137	184.28571428571428	3.2163924786752642
237	119,120,113	0.4666666666666667	0.47058823529411764	0.44313725490196076	0.47058823529411764	0.44313725490196076	0.027450980392156876	68.57142857142854	1.1967972013675396
238	149,166,165	0.5843137254901961	0.6509803921568628	0.6470588235294118	0.6509803921568628	0.5843137254901961	0.06666666666666665	176.47058823529414	3.0799927976370527
239	105,122,122	0.4117647058823529	0.47843137254901963	0.47843137254901963	0.47843137254901963	0.4117647058823529	0.06666666666666671	180.0	3.141592653589793
240	65,84,90	0.2549019607843137	0.32941176470588235	0.35294117647058826	0.35294117647058826	0.2549019607843137	0.09803921568627455	194.4	3.392920065876977
241	105,106,106	0.4117647058823529	0.41568627450980394	0.41568627450980394	0.41568627450980394	0.4117647058823529	0.003921568627451022	180.0	3.141592653589793
242	93,88,84	0.36470588235294116	0.34509803921568627	0.32941176470588235	0.36470588235294116	0.32941176470588235	0.03529411764705881	26.66666666666668	0.46542113386515477
243	117,139,141	0.4588235294117647	0.5450980392156862	0.5529411764705883	0.5529411764705883	0.4588235294117647	0.09411764705882358	185.00000000000003	3.22885911618951
244	135,152,148	0.5294117647058824	0.596078431372549	0.5803921568627451	0.596078431372549	0.5294117647058824	0.06666666666666665	165.88235294117652	2.89519322977883
245	97,123,129	0.3803921568627451	0.4823529411764706	0.5058823529411764	0.5058823529411764	0.3803921568627451	0.12549019607843137	191.25	3.3379421944391554
246	118,133,129	0.4627450980392157	0.5215686274509804	0.5058823529411764	0.5215686274509804	0.4627450980392157	0.05882352941176472	163.99999999999994	2.8623399732706996
247	117,110,101	0.4588235294117647	0.43137254901960786	0.396078431372549	0.4588235294117647	0.396078431372549	0.06274509803921569	33.75000000000004	0.589048622548087
248	108,71,51	0.4235294117647059	0.2784313725490196	0.2	0.4235294117647059	0.2	0.22352941176470587	21.05263157894737	0.36743773726196416
249	28,33,33	0.10980392156862745	0.12941176470588237	0.12941176470588237	0.12941176470588237	0.10980392156862745	0.019607843137254916	180.0	3.141592653589793
250	15,17,17	0.058823529411764705	0.06666666666666667	0.06666666666666667	0.06666666666666667	0.058823529411764705	0.00784313725490196	180.0	3.141592653589793
251	33,44,47	0.12941176470588237	0.17254901960784313	0.1843137254901961	0.1843137254901961	0.12941176470588237	0.054901960784313725	192.85714285714286	3.365992128846207
252	62,70,68	0.24313725490196078	0.27450980392156865	0.26666666666666666	0.27450980392156865	0.24313725490196078	0.03137254901960787	164.99999999999994	2.8797932657906427
253	73,70,61	0.28627450980392155	0.27450980392156865	0.23921568627450981	0.28627450980392155	0.23921568627450981	0.047058823529411736	45.00000000000005	0.7853981633974492
254	110,113,105	0.43137254901960786	0.44313725490196076	0.4117647058823529	0.44313725490196076	0.4117647058823529	0.03137254901960784	82.49999999999991	1.4398966328953204
255	88,79,67	0.34509803921568627	0.30980392156862746	0.2627450980392157	0.34509803921568627	0.2627450980392157	0.08235294117647057	34.28571428571429	0.5983986006837703
256	123,128,118	0.4823529411764706	0.5019607843137255	0.4627450980392157	0.5019607843137255	0.4627450980392157	0.039215686274509776	90.0	1.5707963267948966
257	146,147,140	0.5725490196078431	0.5764705882352941	0.5490196078431373	0.5764705882352941	0.5490196078431373	0.027450980392156765	68.57142857142857	1.1967972013675403
258	116,110,100	0.4549019607843137	0.43137254901960786	0.39215686274509803	0.4549019607843137	0.39215686274509803	0.06274509803921569	37.50000000000003	0.654498469497874
259	116,97,81	0.4549019607843137	0.3803921568627451	0.3176470588235294	0.4549019607843137	0.3176470588235294	0.13725490196078433	27.428571428571423	0.478718880547016
260	118,124,124	0.4627450980392157	0.48627450980392156	0.48627450980392156	0.48627450980392156	0.4627450980392157	0.023529411764705854	180.0	3.141592653589793
261	115,123,123	0.45098039215686275	0.4823529411764706	0.4823529411764706	0.4823529411764706	0.45098039215686275	0.03137254901960784	180.0	3.141592653589793
262	133,145,140	0.5215686274509804	0.5686274509803921	0.5490196078431373	0.5686274509803921	0.5215686274509804	0.04705882352941171	155.00000000000006	2.7052603405912117
263	140,131,123	0.5490196078431373	0.5137254901960784	0.4823529411764706	0.5490196078431373	0.4823529411764706	0.06666666666666671	28.23529411764699	0.49279884762192716
264	97,63,47	0.3803921568627451	0.24705882352941178	0.1843137254901961	0.3803921568627451	0.1843137254901961	0.196078431372549	19.200000000000003	0.3351032163829113
265	142,156,156	0.5568627450980392	0.611764705882353	0.611764705882353	0.611764705882353	0.5568627450980392	0.05490196078431375	180.0	3.141592653589793
266	108,120,122	0.4235294117647059	0.47058823529411764	0.47843137254901963	0.47843137254901963	0.4235294117647059	0.05490196078431375	188.57142857142858	3.291192303760736
267	112,122,121	0.4392156862745098	0.47843137254901963	0.4745098039215686	0.47843137254901963	0.4392156862745098	0.03921568627450983	173.99999999999994	3.0368728984701323
268	120,134,134	0.47058823529411764	0.5254901960784314	0.5254901960784314	0.5254901960784314	0.47058823529411764	0.05490196078431375	180.0	3.141592653589793
269	122,144,153	0.47843137254901963	0.5647058823529412	0.6	0.6	0.47843137254901963	0.12156862745098035	197.41935483870967	3.4456177490984827
270	72,88,93	0.2823529411764706	0.34509803921568627	0.36470588235294116	0.36470588235294116	0.2823529411764706	0.08235294117647057	194.28571428571428	3.3909254038746974
271	82,104,111	0.3215686274509804	0.40784313725490196	0.43529411764705883	0.43529411764705883	0.3215686274509804	0.11372549019607842	194.48275862068968	3.3943644762924206
272	97,92,84	0.3803921568627451	0.3607843137254902	0.32941176470588235	0.3803921568627451	0.32941176470588235	0.05098039215686273	36.923076923076934	0.6444292622748296
273	108,125,126	0.4235294117647059	0.49019607843137253	0.49411764705882355	0.49411764705882355	0.4235294117647059	0.07058823529411767	183.33333333333337	3.199770295322938
274	144,151,148	0.5647058823529412	0.592156862745098	0.5803921568627451	0.592156862745098	0.5647058823529412	0.027450980392156876	154.2857142857144	2.6927937030769673
275	129,139,133	0.5058823529411764	0.5450980392156862	0.5215686274509804	0.5450980392156862	0.5058823529411764	0.039215686274509776	144.0000000000001	2.5132741228718367
276	123,132,126	0.4823529411764706	0.5176470588235295	0.49411764705882355	0.5176470588235295	0.4823529411764706	0.035294117647058865	140.0	2.443460952792061
277	155,169,166	0.6078431372549019	0.6627450980392157	0.6509803921568628	0.6627450980392157	0.6078431372549019	0.05490196078431375	167.1428571428572	2.91719317833338
278	121,129,123	0.4745098039215686	0.5058823529411764	0.4823529411764706	0.5058823529411764	0.4745098039215686	0.03137254901960784	135.00000000000006	2.3561944901923457
279	111,111,104	0.43529411764705883	0.43529411764705883	0.40784313725490196	0.43529411764705883	0.40784313725490196	0.027450980392156876	60.0	1.0471975511965976
280	149,166,160	0.5843137254901961	0.6509803921568628	0.6274509803921569	0.6509803921568628	0.5843137254901961	0.06666666666666665	158.82352941176467	2.771993517873346
281	128,132,116	0.5019607843137255	0.5176470588235295	0.4549019607843137	0.5176470588235295	0.4549019607843137	0.06274509803921574	75.00000000000004	1.3089969389957479
282	107,119,119	0.4196078431372549	0.4666666666666667	0.4666666666666667	0.4666666666666667	0.4196078431372549	0.047058823529411764	180.0	3.141592653589793
283	8,17,21	0.03137254901960784	0.06666666666666667	0.08235294117647059	0.08235294117647059	0.03137254901960784	0.050980392156862744	198.46153846153845	3.4638072847272077
284	10,17,19	0.0392156862745098	0.06666666666666667	0.07450980392156863	0.07450980392156863	0.0392156862745098	0.03529411764705882	193.33333333333334	3.3743032205223704
285	12,17,20	0.047058823529411764	0.06666666666666667	0.0784313725490196	0.0784313725490196	0.047058823529411764	0.03137254901960784	202.5	3.5342917352885173
286	6,10,13	0.023529411764705882	0.0392156862745098	0.050980392156862744	0.050980392156862744	0.023529411764705882	0.027450980392156862	205.71428571428572	3.5903916041026207
287	142,121,62	0.5568627450980392	0.4745098039215686	0.24313725490196078	0.5568627450980392	0.24313725490196078	0.3137254901960784	44.24999999999999	0.7723081940074907
288	142,114,55	0.5568627450980392	0.4470588235294118	0.21568627450980393	0.5568627450980392	0.21568627450980393	0.3411764705882353	40.689655172413794	0.7101684542597617
289	138,120,70	0.5411764705882353	0.47058823529411764	0.27450980392156865	0.5411764705882353	0.27450980392156865	0.2666666666666666	44.117647058823536	0.7699981994092632
290	147,128,81	0.5764705882352941	0.5019607843137255	0.3176470588235294	0.5764705882352941	0.3176470588235294	0.2588235294117647	42.727272727272734	0.7457315894884864
291	135,107,42	0.5294117647058824	0.4196078431372549	0.16470588235294117	0.5294117647058824	0.16470588235294117	0.3647058823529412	41.93548387096774	0.7319122669653639
292	149,127,60	0.5843137254901961	0.4980392156862745	0.23529411764705882	0.5843137254901961	0.23529411764705882	0.3490196078431373	45.168539325842694	0.7883397295524949
293	145,134,77	0.5686274509803921	0.5254901960784314	0.30196078431372547	0.5686274509803921	0.30196078431372547	0.26666666666666666	50.29411764705883	0.87779794732656
294	138,115,54	0.5411764705882353	0.45098039215686275	0.21176470588235294	0.5411764705882353	0.21176470588235294	0.3294117647058823	43.571428571428584	0.7604648883689581
295	160,137,67	0.6274509803921569	0.5372549019607843	0.2627450980392157	0.6274509803921569	0.2627450980392157	0.36470588235294116	45.16129032258065	0.7882132105780844
296	51,21,3	0.2	0.08235294117647059	0.011764705882352941	0.2	0.011764705882352941	0.18823529411764706	22.5	0.39269908169872414
297	140,106,50	0.5490196078431373	0.41568627450980394	0.19607843137254902	0.5490196078431373	0.19607843137254902	0.3529411764705883	37.33333333333333	0.6515895874112163
298	128,98,47	0.5019607843137255	0.3843137254901961	0.1843137254901961	0.5019607843137255	0.1843137254901961	0.3176470588235294	37.77777777777778	0.6593466063089689
299	146,119,65	0.5725490196078431	0.4666666666666667	0.2549019607843137	0.5725490196078431	0.2549019607843137	0.3176470588235294	40.00000000000001	0.6981317007977319
300	115,85,39	0.45098039215686275	0.3333333333333333	0.15294117647058825	0.45098039215686275	0.15294117647058825	0.2980392156862745	36.315789473684205	0.633830096776888
301	67,94,113	0.2627450980392157	0.3686274509803922	0.44313725490196076	0.44313725490196076	0.2627450980392157	0.18039215686274507	204.78260869565216	3.5741307725623006
302	101,106,96	0.396078431372549	0.41568627450980394	0.3764705882352941	0.41568627450980394	0.3764705882352941	0.03921568627450983	90.00000000000004	1.5707963267948974
303	88,70,50	0.34509803921568627	0.27450980392156865	0.19607843137254902	0.34509803921568627	0.19607843137254902	0.14901960784313725	31.578947368421066	0.5511566058929463
304	26,37,36	0.10196078431372549	0.1450980392156863	0.1411764705882353	0.1450980392156863	0.10196078431372549	0.0431372549019608	174.54545454545453	3.046392876208284
305	105,99,78	0.4117647058823529	0.38823529411764707	0.3058823529411765	0.4117647058823529	0.3058823529411765	0.10588235294117643	46.66666666666667	0.8144869842640206
306	131,145,138	0.5137254901960784	0.5686274509803921	0.5411764705882353	0.5686274509803921	0.5137254901960784	0.05490196078431375	150.0	2.6179938779914944
307	85,93,93	0.3333333333333333	0.36470588235294116	0.36470588235294116	0.36470588235294116	0.3333333333333333	0.03137254901960784	180.0	3.141592653589793
308	112,127,126	0.4392156862745098	0.4980392156862745	0.49411764705882355	0.4980392156862745	0.4392156862745098	0.05882352941176472	176.0	3.07177948351002
309	98,109,107	0.3843137254901961	0.42745098039215684	0.4196078431372549	0.42745098039215684	0.3843137254901961	0.04313725490196074	169.09090909090912	2.951193098826776
310	96,109,107	0.3764705882352941	0.42745098039215684	0.4196078431372549	0.42745098039215684	0.3764705882352941	0.05098039215686273	170.7692307692308	2.9804853380210865
311	88,99,98	0.34509803921568627	0.38823529411764707	0.3843137254901961	0.38823529411764707	0.34509803921568627	0.0431372549019608	174.54545454545456	3.0463928762082846
312	80,91,89	0.3137254901960784	0.3568627450980392	0.34901960784313724	0.3568627450980392	0.3137254901960784	0.0431372549019608	169.09090909090904	2.9511930988267743
313	96,105,104	0.3764705882352941	0.4117647058823529	0.40784313725490196	0.4117647058823529	0.3764705882352941	0.03529411764705881	173.33333333333337	3.0252373701235054
314	66,72,70	0.25882352941176473	0.2823529411764706	0.27450980392156865	0.2823529411764706	0.25882352941176473	0.023529411764705854	160.00000000000006	2.792526803190928
315	130,145,140	0.5098039215686274	0.5686274509803921	0.5490196078431373	0.5686274509803921	0.5098039215686274	0.05882352941176472	160.00000000000006	2.792526803190928
316	131,145,140	0.5137254901960784	0.5686274509803921	0.5490196078431373	0.5686274509803921	0.5137254901960784	0.05490196078431375	158.57142857142864	2.767593528162438
317	104,89,74	0.40784313725490196	0.34901960784313724	0.2901960784313726	0.40784313725490196	0.2901960784313726	0.11764705882352938	29.999999999999986	0.5235987755982986
318	125,143,142	0.49019607843137253	0.5607843137254902	0.5568627450980392	0.5607843137254902	0.49019607843137253	0.07058823529411767	176.66666666666669	3.083415011856649
319	104,116,114	0.40784313725490196	0.4549019607843137	0.4470588235294118	0.4549019607843137	0.40784313725490196	0.047058823529411764	170.00000000000003	2.967059728390361
320	98,105,102	0.3843137254901961	0.4117647058823529	0.4	0.4117647058823529	0.3843137254901961	0.02745098039215682	154.28571428571433	2.6927937030769664
321	96,96,85	0.3764705882352941	0.3764705882352941	0.3333333333333333	0.3764705882352941	0.3333333333333333	0.0431372549019608	60.0	1.0471975511965976
322	94,82,75	0.3686274509803922	0.3215686274509804	0.29411764705882354	0.3686274509803922	0.29411764705882354	0.07450980392156864	22.105263157894743	0.3858096241250624
323	109,86,75	0.42745098039215684	0.33725490196078434	0.29411764705882354	0.42745098039215684	0.29411764705882354	0.1333333333333333	19.411764705882362	0.3387992077400759
324	103,89,77	0.403921568627451	0.34901960784313724	0.30196078431372547	0.403921568627451	0.30196078431372547	0.10196078431372552	27.692307692307683	0.4833219467061219
325	108,122,120	0.4235294117647059	0.47843137254901963	0.47058823529411764	0.47843137254901963	0.4235294117647059	0.05490196078431375	171.42857142857142	2.9919930034188504
326	127,115,97	0.4980392156862745	0.45098039215686275	0.3803921568627451	0.4980392156862745	0.3803921568627451	0.11764705882352944	36.00000000000001	0.6283185307179587
327	97,112,110	0.3803921568627451	0.4392156862745098	0.43137254901960786	0.4392156862745098	0.3803921568627451	0.05882352941176472	172.00000000000003	3.0019663134302474
328	111,123,119	0.43529411764705883	0.4823529411764706	0.4666666666666667	0.4823529411764706	0.43529411764705883	0.047058823529411764	160.0	2.792526803190927
329	92,106,101	0.3607843137254902	0.41568627450980394	0.396078431372549	0.41568627450980394	0.3607843137254902	0.05490196078431375	158.57142857142856	2.7675935281624366
330	109,119,107	0.42745098039215684	0.4666666666666667	0.4196078431372549	0.4666666666666667	0.4196078431372549	0.047058823529411764	110.00000000000003	1.919862177193763
331	120,127,114	0.47058823529411764	0.4980392156862745	0.4470588235294118	0.4980392156862745	0.4470588235294118	0.05098039215686273	92.30769230769232	1.6110731556870737
332	81,98,101	0.3176470588235294	0.3843137254901961	0.396078431372549	0.396078431372549	0.3176470588235294	0.0784313725490196	188.99999999999997	3.2986722862692823
333	105,115,109	0.4117647058823529	0.45098039215686275	0.42745098039215684	0.45098039215686275	0.4117647058823529	0.03921568627450983	144.0	2.5132741228718345
334	122,118,106	0.47843137254901963	0.4627450980392157	0.41568627450980394	0.47843137254901963	0.41568627450980394	0.06274509803921569	45.0	0.7853981633974483
335	122,119,107	0.47843137254901963	0.4666666666666667	0.4196078431372549	0.47843137254901963	0.4196078431372549	0.05882352941176472	47.999999999999986	0.8377580409572779
336	101,94,77	0.396078431372549	0.3686274509803922	0.30196078431372547	0.396078431372549	0.30196078431372547	0.09411764705882353	42.50000000000003	0.7417649320975905
337	76,77,69	0.2980392156862745	0.30196078431372547	0.27058823529411763	0.30196078431372547	0.27058823529411763	0.03137254901960784	67.49999999999997	1.178097245096172
338	146,153,139	0.5725490196078431	0.6	0.5450980392156862	0.6	0.5450980392156862	0.05490196078431375	90.0	1.5707963267948966
339	86,79,67	0.33725490196078434	0.30980392156862746	0.2627450980392157	0.33725490196078434	0.2627450980392157	0.07450980392156864	37.89473684210525	0.6613879270715353
340	132,130,120	0.5176470588235295	0.5098039215686274	0.47058823529411764	0.5176470588235295	0.47058823529411764	0.04705882352941182	49.99999999999991	0.8726646259971632
341	108,92,76	0.4235294117647059	0.3607843137254902	0.2980392156862745	0.4235294117647059	0.2980392156862745	0.12549019607843137	30.0	0.5235987755982988
342	15,19,19	0.058823529411764705	0.07450980392156863	0.07450980392156863	0.07450980392156863	0.058823529411764705	0.01568627450980392	180.0	3.141592653589793
343	17,22,23	0.06666666666666667	0.08627450980392157	0.09019607843137255	0.09019607843137255	0.06666666666666667	0.023529411764705882	190.0	3.3161255787892263
344	15,19,20	0.058823529411764705	0.07450980392156863	0.0784313725490196	0.0784313725490196	0.058823529411764705	0.0196078431372549	192.0	3.351032163829113
345	14,18,19	0.054901960784313725	0.07058823529411765	0.07450980392156863	0.07450980392156863	0.054901960784313725	0.0196078431372549	192.0	3.351032163829113
346	12,16,20	0.047058823529411764	0.06274509803921569	0.0784313725490196	0.0784313725490196	0.047058823529411764	0.03137254901960784	210.0	3.6651914291880923
347	9,63,97	0.03529411764705882	0.24705882352941178	0.3803921568627451	0.3803921568627451	0.03529411764705882	0.34509803921568627	203.1818181818182	3.546191707461206
348	94,92,86	0.3686274509803922	0.3607843137254902	0.33725490196078434	0.3686274509803922	0.33725490196078434	0.03137254901960784	44.99999999999994	0.7853981633974473
349	113,140,144	0.44313725490196076	0.5490196078431373	0.5647058823529412	0.5647058823529412	0.44313725490196076	0.1215686274509804	187.74193548387095	3.2767149182603217
350	73,114,126	0.28627450980392155	0.4470588235294118	0.49411764705882355	0.49411764705882355	0.28627450980392155	0.207843137254902	193.58490566037736	3.378693985936193
351	74,99,102	0.2901960784313726	0.38823529411764707	0.4	0.4	0.2901960784313726	0.10980392156862745	186.42857142857144	3.2537923912180005
352	93,114,119	0.36470588235294116	0.4470588235294118	0.4666666666666667	0.4666666666666667	0.36470588235294116	0.10196078431372552	191.53846153846152	3.342976798050677
353	74,78,67	0.2901960784313726	0.3058823529411765	0.2627450980392157	0.3058823529411765	0.2627450980392157	0.0431372549019608	81.81818181818181	1.427996660722633
354	117,135,138	0.4588235294117647	0.5294117647058824	0.5411764705882353	0.5411764705882353	0.4588235294117647	0.08235294117647057	188.57142857142856	3.2911923037607353
355	124,141,143	0.48627450980392156	0.5529411764705883	0.5607843137254902	0.5607843137254902	0.48627450980392156	0.07450980392156864	186.31578947368416	3.2518239747683815
356	100,109,108	0.39215686274509803	0.42745098039215684	0.4235294117647059	0.42745098039215684	0.39215686274509803	0.03529411764705881	173.33333333333337	3.0252373701235054
357	108,115,115	0.4235294117647059	0.45098039215686275	0.45098039215686275	0.45098039215686275	0.4235294117647059	0.027450980392156876	180.0	3.141592653589793
358	6,23,30	0.023529411764705882	0.09019607843137255	0.11764705882352941	0.11764705882352941	0.023529411764705882	0.09411764705882353	197.5	3.447025272688801
359	3,22,34	0.011764705882352941	0.08627450980392157	0.13333333333333333	0.13333333333333333	0.011764705882352941	0.12156862745098039	203.2258064516129	3.5469594476013793
360	5,62,81	0.0196078431372549	0.24313725490196078	0.3176470588235294	0.3176470588235294	0.0196078431372549	0.2980392156862745	195.0	3.4033920413889427
361	6,13,12	0.023529411764705882	0.050980392156862744	0.047058823529411764	0.050980392156862744	0.023529411764705882	0.027450980392156862	171.42857142857144	2.991993003418851
362	5,28,45	0.0196078431372549	0.10980392156862745	0.17647058823529413	0.17647058823529413	0.0196078431372549	0.1568627450980392	205.5	3.5866516128483474
363	7,38,60	0.027450980392156862	0.14901960784313725	0.23529411764705882	0.23529411764705882	0.027450980392156862	0.20784313725490194	204.9056603773585	3.576278429558192
364	5,78,86	0.0196078431372549	0.3058823529411765	0.33725490196078434	0.33725490196078434	0.0196078431372549	0.31764705882352945	185.92592592592592	3.2450195722264943
365	4,45,53	0.01568627450980392	0.17647058823529413	0.20784313725490197	0.20784313725490197	0.01568627450980392	0.19215686274509805	189.79591836734696	3.312563682356585
366	4,51,70	0.01568627450980392	0.2	0.27450980392156865	0.27450980392156865	0.01568627450980392	0.25882352941176473	197.27272727272728	3.443058615297905
367	152,134,101	0.596078431372549	0.5254901960784314	0.396078431372549	0.596078431372549	0.396078431372549	0.2	38.82352941176472	0.6775984154801517
368	80,89,90	0.3137254901960784	0.34901960784313724	0.35294117647058826	0.35294117647058826	0.3137254901960784	0.03921568627450983	186.00000000000006	3.246312408709454
369	137,144,133	0.5372549019607843	0.5647058823529412	0.5215686274509804	0.5647058823529412	0.5215686274509804	0.04313725490196074	98.18181818181824	1.713595992867161
370	144,146,135	0.5647058823529412	0.5725490196078431	0.5294117647058824	0.5725490196078431	0.5294117647058824	0.04313725490196074	70.90909090909088	1.237597105959615
371	144,147,128	0.5647058823529412	0.5764705882352941	0.5019607843137255	0.5764705882352941	0.5019607843137255	0.07450980392156858	69.47368421052629	1.212544532964481
372	106,108,97	0.41568627450980394	0.4235294117647059	0.3803921568627451	0.4235294117647059	0.3803921568627451	0.0431372549019608	70.90909090909088	1.237597105959615
373	109,116,106	0.42745098039215684	0.4549019607843137	0.41568627450980394	0.4549019607843137	0.41568627450980394	0.039215686274509776	102.00000000000006	1.780235837034217
374	76,72,72	0.2980392156862745	0.2823529411764706	0.2823529411764706	0.2980392156862745	0.2823529411764706	0.01568627450980392	0.0	0.0
375	67,105,122	0.2627450980392157	0.4117647058823529	0.47843137254901963	0.47843137254901963	0.2627450980392157	0.21568627450980393	198.54545454545456	3.465271896686924
376	109,110,98	0.42745098039215684	0.43137254901960786	0.3843137254901961	0.43137254901960786	0.3843137254901961	0.047058823529411764	65.00000000000006	1.1344640137963151
377	112,119,115	0.4392156862745098	0.4666666666666667	0.45098039215686275	0.4666666666666667	0.4392156862745098	0.027450980392156876	145.71428571428572	2.5431940529060233
378	124,115,96	0.48627450980392156	0.45098039215686275	0.3764705882352941	0.48627450980392156	0.3764705882352941	0.10980392156862745	40.71428571428572	0.7105983383119772
379	71,54,41	0.2784313725490196	0.21176470588235294	0.1607843137254902	0.2784313725490196	0.1607843137254902	0.11764705882352941	25.999999999999993	0.45378560551852554
380	93,98,97	0.36470588235294116	0.3843137254901961	0.3803921568627451	0.3843137254901961	0.36470588235294116	0.019607843137254943	167.9999999999999	2.9321531433504715
381	48,41,36	0.18823529411764706	0.1607843137254902	0.1411764705882353	0.18823529411764706	0.1411764705882353	0.047058823529411764	25.000000000000018	0.4363323129985827
382	47,40,34	0.1843137254901961	0.1568627450980392	0.13333333333333333	0.1843137254901961	0.13333333333333333	0.05098039215686276	27.692307692307683	0.4833219467061219
383	93,95,86	0.36470588235294116	0.37254901960784315	0.33725490196078434	0.37254901960784315	0.33725490196078434	0.03529411764705881	73.3333333333334	1.2799081181291763
384	113,105,90	0.44313725490196076	0.4117647058823529	0.35294117647058826	0.44313725490196076	0.35294117647058826	0.0901960784313725	39.13043478260868	0.682954924693433
385	155,175,176	0.6078431372549019	0.6862745098039216	0.6901960784313725	0.6901960784313725	0.6078431372549019	0.08235294117647063	182.85714285714283	3.1914592036467737
386	117,126,122	0.4588235294117647	0.49411764705882355	0.47843137254901963	0.49411764705882355	0.4588235294117647	0.035294117647058865	153.33333333333337	2.6761715197246394
387	128,84,65	0.5019607843137255	0.32941176470588235	0.2549019607843137	0.5019607843137255	0.2549019607843137	0.24705882352941178	18.0952380952381	0.3158214836942121
388	119,86,71	0.4666666666666667	0.33725490196078434	0.2784313725490196	0.4666666666666667	0.2784313725490196	0.18823529411764706	18.750000000000004	0.32724923474893686
389	158,183,186	0.6196078431372549	0.7176470588235294	0.7294117647058823	0.7294117647058823	0.6196078431372549	0.1098039215686274	186.42857142857142	3.253792391218
390	141,159,158	0.5529411764705883	0.6235294117647059	0.6196078431372549	0.6235294117647059	0.5529411764705883	0.07058823529411762	176.66666666666669	3.083415011856649
391	157,172,166	0.615686274509804	0.6745098039215687	0.6509803921568628	0.6745098039215687	0.615686274509804	0.05882352941176472	155.99999999999997	2.7227136331111534
392	138,151,150	0.5411764705882353	0.592156862745098	0.5882352941176471	0.592156862745098	0.5411764705882353	0.050980392156862786	175.38461538461542	3.0610389958054403
393	117,109,103	0.4588235294117647	0.42745098039215684	0.403921568627451	0.4588235294117647	0.403921568627451	0.0549019607843137	25.714285714285698	0.4487989505128273
394	132,86,62	0.5176470588235295	0.33725490196078434	0.24313725490196078	0.5176470588235295	0.24313725490196078	0.27450980392156865	20.571428571428577	0.3590391604102622
395	112,74,56	0.4392156862745098	0.2901960784313726	0.2196078431372549	0.4392156862745098	0.2196078431372549	0.2196078431372549	19.285714285714295	0.33659921288462086
396	87,76,69	0.3411764705882353	0.2980392156862745	0.27058823529411763	0.3411764705882353	0.27058823529411763	0.07058823529411767	23.333333333333336	0.4072434921320103
397	113,117,115	0.44313725490196076	0.4588235294117647	0.45098039215686275	0.4588235294117647	0.44313725490196076	0.01568627450980392	150.0000000000001	2.617993877991496
398	141,160,164	0.5529411764705883	0.6274509803921569	0.6431372549019608	0.6431372549019608	0.5529411764705883	0.09019607843137256	190.43478260869568	3.323713966841376
399	115,118,116	0.45098039215686275	0.4627450980392157	0.4549019607843137	0.4627450980392157	0.45098039215686275	0.011764705882352955	139.99999999999991	2.44346095279206
400	161,134,112	0.6313725490196078	0.5254901960784314	0.4392156862745098	0.6313725490196078	0.4392156862745098	0.19215686274509802	26.938775510204092	0.47017032910867673
401	137,148,146	0.5372549019607843	0.5803921568627451	0.5725490196078431	0.5803921568627451	0.5372549019607843	0.04313725490196085	169.090909090909	2.951193098826774
402	110,123,123	0.43137254901960786	0.4823529411764706	0.4823529411764706	0.4823529411764706	0.43137254901960786	0.05098039215686273	180.0	3.141592653589793
403	147,137,120	0.5764705882352941	0.5372549019607843	0.47058823529411764	0.5764705882352941	0.47058823529411764	0.10588235294117643	37.777777777777786	0.6593466063089691
404	103,123,132	0.403921568627451	0.4823529411764706	0.5176470588235295	0.5176470588235295	0.403921568627451	0.11372549019607847	198.62068965517244	3.4665849970646
405	99,105,100	0.38823529411764707	0.4117647058823529	0.39215686274509803	0.4117647058823529	0.38823529411764707	0.023529411764705854	129.99999999999997	2.268928027592628
406	108,118,116	0.4235294117647059	0.4627450980392157	0.4549019607843137	0.4627450980392157	0.4235294117647059	0.03921568627450983	167.99999999999997	2.9321531433504733
407	114,141,151	0.4470588235294118	0.5529411764705883	0.592156862745098	0.592156862745098	0.4470588235294118	0.14509803921568626	196.2162162162162	3.4246190187780625
408	122,146,149	0.47843137254901963	0.5725490196078431	0.5843137254901961	0.5843137254901961	0.47843137254901963	0.10588235294117648	186.66666666666669	3.257947937056082
409	86,102,110	0.33725490196078434	0.4	0.43137254901960786	0.43137254901960786	0.33725490196078434	0.09411764705882353	200.0	3.490658503988659
410	123,144,148	0.4823529411764706	0.5647058823529412	0.5803921568627451	0.5803921568627451	0.4823529411764706	0.09803921568627455	189.60000000000002	3.3091442617812494
411	93,96,82	0.36470588235294116	0.3764705882352941	0.3215686274509804	0.3764705882352941	0.3215686274509804	0.0549019607843137	72.85714285714288	1.2715970264530119
412	21,22,21	0.08235294117647059	0.08627450980392157	0.08235294117647059	0.08627450980392157	0.08235294117647059	0.00392156862745098	120.0	2.0943951023931953
413	11,11,11	0.043137254901960784	0.043137254901960784	0.043137254901960784	0.043137254901960784	0.043137254901960784	0.0	0.0	0.0
414	0,0,0	0.0	0.0	0.0	0.0	0.0	0.0	0.0	0.0
415	33,62,73	0.12941176470588237	0.24313725490196078	0.28627450980392155	0.28627450980392155	0.12941176470588237	0.15686274509803919	196.5	3.429571980168858
416	113,90,64	0.44313725490196076	0.35294117647058826	0.25098039215686274	0.44313725490196076	0.25098039215686274	0.19215686274509802	31.83673469387756	0.5556558434920724
417	21,36,42	0.08235294117647059	0.1411764705882353	0.16470588235294117	0.16470588235294117	0.08235294117647059	0.08235294117647059	197.14285714285714	3.440791953931678
418	9,12,11	0.03529411764705882	0.047058823529411764	0.043137254901960784	0.047058823529411764	0.03529411764705882	0.011764705882352941	160.0	2.792526803190927
419	20,27,27	0.0784313725490196	0.10588235294117647	0.10588235294117647	0.10588235294117647	0.0784313725490196	0.027450980392156862	180.0	3.141592653589793
420	9,13,13	0.03529411764705882	0.050980392156862744	0.050980392156862744	0.050980392156862744	0.03529411764705882	0.01568627450980392	180.0	3.141592653589793
421	4,16,29	0.01568627450980392	0.06274509803921569	0.11372549019607843	0.11372549019607843	0.01568627450980392	0.09803921568627451	211.2	3.686135380212024
422	4,18,24	0.01568627450980392	0.07058823529411765	0.09411764705882353	0.09411764705882353	0.01568627450980392	0.0784313725490196	198.0	3.4557519189487724
423	5,32,43	0.0196078431372549	0.12549019607843137	0.16862745098039217	0.16862745098039217	0.0196078431372549	0.14901960784313728	197.3684210526316	3.4447287868309138
424	39,37,41	0.15294117647058825	0.1450980392156863	0.1607843137254902	0.1607843137254902	0.1450980392156863	0.01568627450980392	270.0	4.71238898038469
425	5,30,57	0.0196078431372549	0.11764705882352941	0.2235294117647059	0.2235294117647059	0.0196078431372549	0.20392156862745098	211.15384615384616	3.6853298436341806
426	18,59,116	0.07058823529411765	0.23137254901960785	0.4549019607843137	0.4549019607843137	0.07058823529411765	0.38431372549019605	214.89795918367346	3.7506769435714875
427	6,38,87	0.023529411764705882	0.14901960784313725	0.3411764705882353	0.3411764705882353	0.023529411764705882	0.3176470588235294	216.2962962962963	3.775082530239587
428	10,13,14	0.0392156862745098	0.050980392156862744	0.054901960784313725	0.054901960784313725	0.0392156862745098	0.01568627450980392	195.0	3.4033920413889427
429	50,55,50	0.19607843137254902	0.21568627450980393	0.19607843137254902	0.21568627450980393	0.19607843137254902	0.019607843137254916	120.0	2.0943951023931953
430	141,135,120	0.5529411764705883	0.5294117647058824	0.47058823529411764	0.5529411764705883	0.47058823529411764	0.08235294117647063	42.85714285714285	0.7479982508547125
431	124,144,150	0.48627450980392156	0.5647058823529412	0.5882352941176471	0.5882352941176471	0.48627450980392156	0.10196078431372552	193.84615384615384	3.383253626942854
432	98,107,107	0.3843137254901961	0.4196078431372549	0.4196078431372549	0.4196078431372549	0.3843137254901961	0.03529411764705881	180.0	3.141592653589793
433	132,106,96	0.5176470588235295	0.41568627450980394	0.3764705882352941	0.5176470588235295	0.3764705882352941	0.14117647058823535	16.66666666666667	0.2908882086657217
434	45,60,69	0.17647058823529413	0.23529411764705882	0.27058823529411763	0.27058823529411763	0.17647058823529413	0.0941176470588235	202.5	3.5342917352885173
435	69,82,85	0.27058823529411763	0.3215686274509804	0.3333333333333333	0.3333333333333333	0.27058823529411763	0.06274509803921569	191.24999999999994	3.337942194439154
436	94,105,104	0.3686274509803922	0.4117647058823529	0.40784313725490196	0.4117647058823529	0.3686274509803922	0.04313725490196074	174.54545454545456	3.0463928762082846
437	119,144,140	0.4666666666666667	0.5647058823529412	0.5490196078431373	0.5647058823529412	0.4666666666666667	0.0980392156862745	170.40000000000003	2.974041045398338
438	52,54,54	0.20392156862745098	0.21176470588235294	0.21176470588235294	0.21176470588235294	0.20392156862745098	0.00784313725490196	180.0	3.141592653589793
439	87,121,127	0.3411764705882353	0.4745098039215686	0.4980392156862745	0.4980392156862745	0.3411764705882353	0.1568627450980392	189.00000000000003	3.298672286269283
440	113,145,149	0.44313725490196076	0.5686274509803921	0.5843137254901961	0.5843137254901961	0.44313725490196076	0.14117647058823535	186.66666666666669	3.257947937056082
441	132,151,153	0.5176470588235295	0.592156862745098	0.6	0.6	0.5176470588235295	0.08235294117647052	185.7142857142857	3.2413257537037543
442	60,71,75	0.23529411764705882	0.2784313725490196	0.29411764705882354	0.29411764705882354	0.23529411764705882	0.05882352941176472	196.0	3.420845333908886
443	109,128,128	0.42745098039215684	0.5019607843137255	0.5019607843137255	0.5019607843137255	0.42745098039215684	0.07450980392156864	180.0	3.141592653589793
444	98,118,123	0.3843137254901961	0.4627450980392157	0.4823529411764706	0.4823529411764706	0.3843137254901961	0.0980392156862745	191.99999999999997	3.351032163829112
445	51,53,54	0.2	0.20784313725490197	0.21176470588235294	0.21176470588235294	0.2	0.011764705882352927	199.99999999999994	3.490658503988658
446	90,106,112	0.35294117647058826	0.41568627450980394	0.4392156862745098	0.4392156862745098	0.35294117647058826	0.08627450980392154	196.36363636363635	3.4271919857343196
447	73,83,84	0.28627450980392155	0.3254901960784314	0.32941176470588235	0.32941176470588235	0.28627450980392155	0.0431372549019608	185.45454545454544	3.2367924309713016
448	69,84,85	0.27058823529411763	0.32941176470588235	0.3333333333333333	0.3333333333333333	0.27058823529411763	0.06274509803921569	183.75	3.2070425005395804
449	61,65,62	0.23921568627450981	0.2549019607843137	0.24313725490196078	0.2549019607843137	0.23921568627450981	0.015686274509803894	134.99999999999997	2.3561944901923444
450	39,34,28	0.15294117647058825	0.13333333333333333	0.10980392156862745	0.15294117647058825	0.10980392156862745	0.0431372549019608	32.72727272727272	0.5711986642890532
451	40,35,31	0.1568627450980392	0.13725490196078433	0.12156862745098039	0.1568627450980392	0.12156862745098039	0.03529411764705882	26.666666666666693	0.465421133865155
452	54,41,27	0.21176470588235294	0.1607843137254902	0.10588235294117647	0.21176470588235294	0.10588235294117647	0.10588235294117647	31.111111111111114	0.5429913228426804
453	115,107,92	0.45098039215686275	0.4196078431372549	0.3607843137254902	0.45098039215686275	0.3607843137254902	0.09019607843137256	39.130434782608695	0.6829549246934333
454	110,103,92	0.43137254901960786	0.403921568627451	0.3607843137254902	0.43137254901960786	0.3607843137254902	0.07058823529411767	36.666666666666664	0.6399540590645875
455	23,27,28	0.09019607843137255	0.10588235294117647	0.10980392156862745	0.10980392156862745	0.09019607843137255	0.0196078431372549	192.0	3.351032163829113
456	111,114,99	0.43529411764705883	0.4470588235294118	0.38823529411764707	0.4470588235294118	0.38823529411764707	0.05882352941176472	72.00000000000001	1.2566370614359175
457	96,88,77	0.3764705882352941	0.34509803921568627	0.30196078431372547	0.3764705882352941	0.30196078431372547	0.07450980392156864	34.73684210526316	0.6062722664822408
458	93,85,75	0.36470588235294116	0.3333333333333333	0.29411764705882354	0.36470588235294116	0.29411764705882354	0.07058823529411762	33.33333333333332	0.581776417331443
459	96,66,49	0.3764705882352941	0.25882352941176473	0.19215686274509805	0.3764705882352941	0.19215686274509805	0.18431372549019606	21.702127659574472	0.37877358234770564
460	98,69,52	0.3843137254901961	0.27058823529411763	0.20392156862745098	0.3843137254901961	0.20392156862745098	0.18039215686274512	22.17391304347825	0.38700779065961205
461	115,118,107	0.45098039215686275	0.4627450980392157	0.4196078431372549	0.4627450980392157	0.4196078431372549	0.0431372549019608	76.36363636363637	1.3327968833411246
462	107,94,84	0.4196078431372549	0.3686274509803922	0.32941176470588235	0.4196078431372549	0.32941176470588235	0.09019607843137256	26.086956521739147	0.4553032831289558
463	108,96,86	0.4235294117647059	0.3764705882352941	0.33725490196078434	0.4235294117647059	0.33725490196078434	0.08627450980392154	27.272727272727263	0.47599888690754427
464	100,101,89	0.39215686274509803	0.396078431372549	0.34901960784313724	0.396078431372549	0.34901960784313724	0.047058823529411764	64.99999999999999	1.134464013796314
465	118,122,110	0.4627450980392157	0.47843137254901963	0.43137254901960786	0.47843137254901963	0.43137254901960786	0.047058823529411764	80.00000000000001	1.3962634015954638
466	66,64,54	0.25882352941176473	0.25098039215686274	0.21176470588235294	0.25882352941176473	0.21176470588235294	0.04705882352941179	49.99999999999997	0.8726646259971643
467	87,72,56	0.3411764705882353	0.2823529411764706	0.2196078431372549	0.3411764705882353	0.2196078431372549	0.1215686274509804	30.967741935483872	0.5404890586821149
468	105,110,105	0.4117647058823529	0.43137254901960786	0.4117647058823529	0.43137254901960786	0.4117647058823529	0.019607843137254943	120.0	2.0943951023931953
469	92,90,73	0.3607843137254902	0.35294117647058826	0.28627450980392155	0.3607843137254902	0.28627450980392155	0.07450980392156864	53.68421052631581	0.9369662300180088
470	94,91,75	0.3686274509803922	0.3568627450980392	0.29411764705882354	0.3686274509803922	0.29411764705882354	0.07450980392156864	50.52631578947368	0.8818505694287138
471	54,67,59	0.21176470588235294	0.2627450980392157	0.23137254901960785	0.2627450980392157	0.21176470588235294	0.05098039215686276	143.0769230769231	2.497163391314964
472	97,116,108	0.3803921568627451	0.4549019607843137	0.4235294117647059	0.4549019607843137	0.3803921568627451	0.07450980392156864	154.73684210526315	2.700667368875436
473	91,101,91	0.3568627450980392	0.396078431372549	0.3568627450980392	0.396078431372549	0.3568627450980392	0.039215686274509776	120.0	2.0943951023931953
474	68,94,89	0.26666666666666666	0.3686274509803922	0.34901960784313724	0.3686274509803922	0.26666666666666666	0.10196078431372552	168.46153846153845	2.940208509128909
475	84,85,69	0.32941176470588235	0.3333333333333333	0.27058823529411763	0.3333333333333333	0.27058823529411763	0.06274509803921569	63.749999999999986	1.112647398146385
476	37,45,24	0.1450980392156863	0.17647058823529413	0.09411764705882353	0.17647058823529413	0.09411764705882353	0.0823529411764706	82.85714285714286	1.4461299516524446
477	55,64,39	0.21568627450980393	0.25098039215686274	0.15294117647058825	0.25098039215686274	0.15294117647058825	0.0980392156862745	81.6	1.424188669627373
478	92,92,59	0.3607843137254902	0.3607843137254902	0.23137254901960785	0.3607843137254902	0.23137254901960785	0.12941176470588234	60.0	1.0471975511965976
479	83,82,55	0.3254901960784314	0.3215686274509804	0.21568627450980393	0.3254901960784314	0.21568627450980393	0.10980392156862745	57.85714285714286	1.009797638653862
480	78,82,53	0.3058823529411765	0.3215686274509804	0.20784313725490197	0.3215686274509804	0.20784313725490197	0.11372549019607844	68.27586206896551	1.1916385927409558
481	84,94,77	0.32941176470588235	0.3686274509803922	0.30196078431372547	0.3686274509803922	0.30196078431372547	0.06666666666666671	95.29411764705883	1.6631961107240083
482	70,76,52	0.27450980392156865	0.2980392156862745	0.20392156862745098	0.2980392156862745	0.20392156862745098	0.09411764705882353	74.99999999999997	1.3089969389957468
483	65,71,52	0.2549019607843137	0.2784313725490196	0.20392156862745098	0.2784313725490196	0.20392156862745098	0.07450980392156864	78.94736842105264	1.3778915147323656
484	65,65,42	0.2549019607843137	0.2549019607843137	0.16470588235294117	0.2549019607843137	0.16470588235294117	0.09019607843137253	60.0	1.0471975511965976
485	76,76,48	0.2980392156862745	0.2980392156862745	0.18823529411764706	0.2980392156862745	0.18823529411764706	0.10980392156862745	60.0	1.0471975511965976
486	45,52,30	0.17647058823529413	0.20392156862745098	0.11764705882352941	0.20392156862745098	0.11764705882352941	0.08627450980392157	79.09090909090908	1.3803967720318786
487	47,47,27	0.1843137254901961	0.1843137254901961	0.10588235294117647	0.1843137254901961	0.10588235294117647	0.07843137254901962	60.0	1.0471975511965976
488	71,77,71	0.2784313725490196	0.30196078431372547	0.2784313725490196	0.30196078431372547	0.2784313725490196	0.023529411764705854	120.0	2.0943951023931953
489	42,46,21	0.16470588235294117	0.1803921568627451	0.08235294117647059	0.1803921568627451	0.08235294117647059	0.09803921568627451	69.60000000000001	1.2147491593880535
490	30,33,11	0.11764705882352941	0.12941176470588237	0.043137254901960784	0.12941176470588237	0.043137254901960784	0.08627450980392158	68.18181818181819	1.189997217268861
491	38,42,24	0.14901960784313725	0.16470588235294117	0.09411764705882353	0.16470588235294117	0.09411764705882353	0.07058823529411765	73.33333333333334	1.2799081181291752
492	42,44,25	0.16470588235294117	0.17254901960784313	0.09803921568627451	0.17254901960784313	0.09803921568627451	0.07450980392156863	66.3157894736842	1.1574288723751869
493	2,32,25	0.00784313725490196	0.12549019607843137	0.09803921568627451	0.12549019607843137	0.00784313725490196	0.11764705882352941	166.0	2.897246558310587
494	3,32,25	0.011764705882352941	0.12549019607843137	0.09803921568627451	0.12549019607843137	0.011764705882352941	0.11372549019607843	165.51724137931035	2.888820830887166
495	2,30,23	0.00784313725490196	0.11764705882352941	0.09019607843137255	0.11764705882352941	0.00784313725490196	0.10980392156862745	165.0	2.8797932657906435
496	5,57,45	0.0196078431372549	0.2235294117647059	0.17647058823529413	0.2235294117647059	0.0196078431372549	0.20392156862745098	166.15384615384616	2.8999316802367323
497	6,68,56	0.023529411764705882	0.26666666666666666	0.2196078431372549	0.26666666666666666	0.023529411764705882	0.24313725490196078	168.38709677419357	2.9389092565840005
498	2,18,10	0.00784313725490196	0.07058823529411765	0.0392156862745098	0.07058823529411765	0.00784313725490196	0.06274509803921569	150.0	2.6179938779914944
499	5,52,38	0.0196078431372549	0.20392156862745098	0.14901960784313725	0.20392156862745098	0.0196078431372549	0.1843137254901961	162.12765957446808	2.829661468126977
500	1,29,24	0.00392156862745098	0.11372549019607843	0.09411764705882353	0.11372549019607843	0.00392156862745098	0.10980392156862745	169.28571428571428	2.9545930908761147
501	2,27,22	0.00784313725490196	0.10588235294117647	0.08627450980392157	0.10588235294117647	0.00784313725490196	0.09803921568627451	168.0	2.9321531433504737
502	2,33,27	0.00784313725490196	0.12941176470588237	0.10588235294117647	0.12941176470588237	0.00784313725490196	0.1215686274509804	168.38709677419357	2.9389092565840005
503	71,70,57	0.2784313725490196	0.27450980392156865	0.2235294117647059	0.2784313725490196	0.2235294117647059	0.054901960784313725	55.71428571428573	0.9723977261111267
504	64,63,51	0.25098039215686274	0.24705882352941178	0.2	0.25098039215686274	0.2	0.05098039215686273	55.3846153846154	0.9666438934122443
505	64,63,51	0.25098039215686274	0.24705882352941178	0.2	0.25098039215686274	0.2	0.05098039215686273	55.3846153846154	0.9666438934122443
506	64,62,51	0.25098039215686274	0.24313725490196078	0.2	0.25098039215686274	0.2	0.05098039215686273	50.76923076923077	0.8860902356278904
507	70,63,51	0.27450980392156865	0.24705882352941178	0.2	0.27450980392156865	0.2	0.07450980392156864	37.89473684210525	0.6613879270715353
508	62,62,50	0.24313725490196078	0.24313725490196078	0.19607843137254902	0.24313725490196078	0.19607843137254902	0.047058823529411764	60.0	1.0471975511965976
509	127,122,101	0.4980392156862745	0.47843137254901963	0.396078431372549	0.4980392156862745	0.396078431372549	0.10196078431372552	48.461538461538474	0.8458134067357138
510	72,76,54	0.2823529411764706	0.2980392156862745	0.21176470588235294	0.2980392156862745	0.21176470588235294	0.08627450980392157	70.9090909090909	1.2375971059596154
511	123,121,94	0.4823529411764706	0.4745098039215686	0.3686274509803922	0.4823529411764706	0.3686274509803922	0.11372549019607842	55.862068965517224	0.9749770304244183
512	116,114,96	0.4549019607843137	0.4470588235294118	0.3764705882352941	0.4549019607843137	0.3764705882352941	0.0784313725490196	54.00000000000002	0.9424777960769384
513	49,53,33	0.19215686274509805	0.20784313725490197	0.12941176470588237	0.20784313725490197	0.12941176470588237	0.0784313725490196	72.0	1.2566370614359172
514	48,52,33	0.18823529411764706	0.20392156862745098	0.12941176470588237	0.20392156862745098	0.12941176470588237	0.07450980392156861	72.63157894736842	1.2676601935537763
515	78,79,62	0.3058823529411765	0.30980392156862746	0.24313725490196078	0.30980392156862746	0.24313725490196078	0.06666666666666668	63.52941176470587	1.1087974071493385
516	37,76,59	0.1450980392156863	0.2980392156862745	0.23137254901960785	0.2980392156862745	0.1450980392156863	0.15294117647058822	153.84615384615387	2.685121926145123
517	80,109,88	0.3137254901960784	0.42745098039215684	0.34509803921568627	0.42745098039215684	0.3137254901960784	0.11372549019607842	136.55172413793105	2.383277185481912
518	79,100,79	0.30980392156862746	0.39215686274509803	0.30980392156862746	0.39215686274509803	0.30980392156862746	0.08235294117647057	120.0	2.0943951023931953
519	113,123,102	0.44313725490196076	0.4823529411764706	0.4	0.4823529411764706	0.4	0.08235294117647057	88.5714285714286	1.5458630517664067
520	126,127,111	0.49411764705882355	0.4980392156862745	0.43529411764705883	0.4980392156862745	0.43529411764705883	0.06274509803921569	63.749999999999986	1.112647398146385
521	138,153,138	0.5411764705882353	0.6	0.5411764705882353	0.6	0.5411764705882353	0.05882352941176472	120.0	2.0943951023931953
522	114,123,90	0.4470588235294118	0.4823529411764706	0.35294117647058826	0.4823529411764706	0.35294117647058826	0.12941176470588234	76.36363636363635	1.3327968833411241
523	86,83,68	0.33725490196078434	0.3254901960784314	0.26666666666666666	0.33725490196078434	0.26666666666666666	0.07058823529411767	49.999999999999986	0.8726646259971645
524	88,88,73	0.34509803921568627	0.34509803921568627	0.28627450980392155	0.34509803921568627	0.28627450980392155	0.05882352941176472	60.0	1.0471975511965976
525	67,69,59	0.2627450980392157	0.27058823529411763	0.23137254901960785	0.27058823529411763	0.23137254901960785	0.039215686274509776	71.99999999999996	1.2566370614359166
526	119,118,100	0.4666666666666667	0.4627450980392157	0.39215686274509803	0.4666666666666667	0.39215686274509803	0.07450980392156864	56.842105263157904	0.9920818906073032
527	80,89,68	0.3137254901960784	0.34901960784313724	0.26666666666666666	0.34901960784313724	0.26666666666666666	0.08235294117647057	85.71428571428571	1.4959965017094252
528	180,189,170	0.7058823529411765	0.7411764705882353	0.6666666666666666	0.7411764705882353	0.6666666666666666	0.0745098039215687	88.4210526315789	1.5432384965002486
529	86,85,70	0.33725490196078434	0.3333333333333333	0.27450980392156865	0.33725490196078434	0.27450980392156865	0.06274509803921569	56.24999999999996	0.9817477042468096
530	75,69,54	0.29411764705882354	0.27058823529411763	0.21176470588235294	0.29411764705882354	0.21176470588235294	0.0823529411764706	42.85714285714284	0.7479982508547124
531	91,90,74	0.3568627450980392	0.35294117647058826	0.2901960784313726	0.3568627450980392	0.2901960784313726	0.06666666666666665	56.47058823529413	0.9855976952438569
532	91,90,73	0.3568627450980392	0.35294117647058826	0.28627450980392155	0.3568627450980392	0.28627450980392155	0.07058823529411767	56.66666666666668	0.9890199094634536
533	89,88,72	0.34901960784313724	0.34509803921568627	0.2823529411764706	0.34901960784313724	0.2823529411764706	0.06666666666666665	56.47058823529413	0.9855976952438569
534	90,89,72	0.35294117647058826	0.34901960784313724	0.2823529411764706	0.35294117647058826	0.2823529411764706	0.07058823529411767	56.66666666666663	0.9890199094634528
535	88,87,70	0.34509803921568627	0.3411764705882353	0.27450980392156865	0.34509803921568627	0.27450980392156865	0.07058823529411762	56.66666666666668	0.9890199094634536
536	77,71,56	0.30196078431372547	0.2784313725490196	0.2196078431372549	0.30196078431372547	0.2196078431372549	0.08235294117647057	42.85714285714287	0.7479982508547128
537	78,72,56	0.3058823529411765	0.2823529411764706	0.2196078431372549	0.3058823529411765	0.2196078431372549	0.0862745098039216	43.636363636363626	0.7615982190520709
538	90,88,72	0.35294117647058826	0.34509803921568627	0.2823529411764706	0.35294117647058826	0.2823529411764706	0.07058823529411767	53.33333333333331	0.9308422677303086
539	73,57,39	0.28627450980392155	0.2235294117647059	0.15294117647058825	0.28627450980392155	0.15294117647058825	0.1333333333333333	31.76470588235295	0.5543987035746695
540	170,180,163	0.6666666666666666	0.7058823529411765	0.6392156862745098	0.7058823529411765	0.6392156862745098	0.06666666666666676	95.29411764705884	1.6631961107240085
541	169,179,162	0.6627450980392157	0.7019607843137254	0.6352941176470588	0.7019607843137254	0.6352941176470588	0.06666666666666665	95.29411764705881	1.6631961107240079
542	120,126,111	0.47058823529411764	0.49411764705882355	0.43529411764705883	0.49411764705882355	0.43529411764705883	0.05882352941176472	84.00000000000003	1.4660765716752373
543	131,138,125	0.5137254901960784	0.5411764705882353	0.49019607843137253	0.5411764705882353	0.49019607843137253	0.05098039215686273	92.30769230769232	1.6110731556870737
544	107,112,96	0.4196078431372549	0.4392156862745098	0.3764705882352941	0.4392156862745098	0.3764705882352941	0.06274509803921569	78.74999999999999	1.3744467859455343
545	170,180,163	0.6666666666666666	0.7058823529411765	0.6392156862745098	0.7058823529411765	0.6392156862745098	0.06666666666666676	95.29411764705884	1.6631961107240085
546	121,127,113	0.4745098039215686	0.4980392156862745	0.44313725490196076	0.4980392156862745	0.44313725490196076	0.05490196078431375	85.71428571428572	1.4959965017094254
547	158,166,150	0.6196078431372549	0.6509803921568628	0.5882352941176471	0.6509803921568628	0.5882352941176471	0.06274509803921569	90.0	1.5707963267948966
548	172,182,165	0.6745098039215687	0.7137254901960784	0.6470588235294118	0.7137254901960784	0.6470588235294118	0.06666666666666665	95.29411764705881	1.6631961107240079
549	86,86,73	0.33725490196078434	0.33725490196078434	0.28627450980392155	0.33725490196078434	0.28627450980392155	0.050980392156862786	60.0	1.0471975511965976
550	97,104,96	0.3803921568627451	0.40784313725490196	0.3764705882352941	0.40784313725490196	0.3764705882352941	0.03137254901960784	112.50000000000003	1.9634954084936211
551	107,115,107	0.4196078431372549	0.45098039215686275	0.4196078431372549	0.45098039215686275	0.4196078431372549	0.03137254901960784	120.0	2.0943951023931953
552	133,142,131	0.5215686274509804	0.5568627450980392	0.5137254901960784	0.5568627450980392	0.5137254901960784	0.04313725490196085	109.090909090909	1.903995547630176
553	171,182,166	0.6705882352941176	0.7137254901960784	0.6509803921568628	0.7137254901960784	0.6509803921568628	0.06274509803921569	101.25000000000007	1.76714586764426
554	179,190,173	0.7019607843137254	0.7450980392156863	0.6784313725490196	0.7450980392156863	0.6784313725490196	0.06666666666666665	98.82352941176478	1.7247959666767505
555	179,190,173	0.7019607843137254	0.7450980392156863	0.6784313725490196	0.7450980392156863	0.6784313725490196	0.06666666666666665	98.82352941176478	1.7247959666767505
556	178,189,171	0.6980392156862745	0.7411764705882353	0.6705882352941176	0.7411764705882353	0.6705882352941176	0.07058823529411773	96.66666666666669	1.6871516102611857
557	182,194,176	0.7137254901960784	0.7607843137254902	0.6901960784313725	0.7607843137254902	0.6901960784313725	0.07058823529411762	99.99999999999997	1.745329251994329
558	180,192,175	0.7058823529411765	0.7529411764705882	0.6862745098039216	0.7529411764705882	0.6862745098039216	0.06666666666666665	102.35294117647055	1.7863958226294896
559	173,185,169	0.6784313725490196	0.7254901960784313	0.6627450980392157	0.7254901960784313	0.6627450980392157	0.06274509803921569	104.99999999999994	1.832595714594045
560	166,177,161	0.6509803921568628	0.6941176470588235	0.6313725490196078	0.6941176470588235	0.6313725490196078	0.06274509803921569	101.24999999999996	1.767145867644258
561	164,174,158	0.6431372549019608	0.6823529411764706	0.6196078431372549	0.6823529411764706	0.6196078431372549	0.06274509803921569	97.49999999999997	1.701696020694471
562	163,174,159	0.6392156862745098	0.6823529411764706	0.6235294117647059	0.6823529411764706	0.6235294117647059	0.05882352941176472	104.00000000000006	1.8151424220741037
563	163,173,158	0.6392156862745098	0.6784313725490196	0.6196078431372549	0.6784313725490196	0.6196078431372549	0.05882352941176472	100.00000000000007	1.7453292519943309
564	160,171,157	0.6274509803921569	0.6705882352941176	0.615686274509804	0.6705882352941176	0.615686274509804	0.05490196078431364	107.14285714285717	1.8699956271367821
565	162,172,157	0.6352941176470588	0.6745098039215687	0.615686274509804	0.6745098039215687	0.615686274509804	0.05882352941176472	100.00000000000007	1.7453292519943309
566	118,127,116	0.4627450980392157	0.4980392156862745	0.4549019607843137	0.4980392156862745	0.4549019607843137	0.0431372549019608	109.09090909090907	1.9039955476301773
567	161,172,157	0.6313725490196078	0.6745098039215687	0.615686274509804	0.6745098039215687	0.615686274509804	0.05882352941176472	104.00000000000006	1.8151424220741037
568	161,172,157	0.6313725490196078	0.6745098039215687	0.615686274509804	0.6745098039215687	0.615686274509804	0.05882352941176472	104.00000000000006	1.8151424220741037
569	161,172,158	0.6313725490196078	0.6745098039215687	0.6196078431372549	0.6745098039215687	0.6196078431372549	0.05490196078431375	107.1428571428572	1.8699956271367826
570	161,173,158	0.6313725490196078	0.6784313725490196	0.6196078431372549	0.6784313725490196	0.6196078431372549	0.05882352941176472	108.00000000000004	1.8849555921538768
571	162,173,158	0.6352941176470588	0.6784313725490196	0.6196078431372549	0.6784313725490196	0.6196078431372549	0.05882352941176472	104.00000000000006	1.8151424220741037
572	162,173,158	0.6352941176470588	0.6784313725490196	0.6196078431372549	0.6784313725490196	0.6196078431372549	0.05882352941176472	104.00000000000006	1.8151424220741037
573	123,121,101	0.4823529411764706	0.4745098039215686	0.396078431372549	0.4823529411764706	0.396078431372549	0.0862745098039216	54.54545454545453	0.9519977738150887
574	81,81,66	0.3176470588235294	0.3176470588235294	0.25882352941176473	0.3176470588235294	0.25882352941176473	0.05882352941176466	60.0	1.0471975511965976
575	119,115,97	0.4666666666666667	0.45098039215686275	0.3803921568627451	0.4666666666666667	0.3803921568627451	0.0862745098039216	49.09090909090909	0.85679799643358
576	81,81,66	0.3176470588235294	0.3176470588235294	0.25882352941176473	0.3176470588235294	0.25882352941176473	0.05882352941176466	60.0	1.0471975511965976
577	121,117,98	0.4745098039215686	0.4588235294117647	0.3843137254901961	0.4745098039215686	0.3843137254901961	0.0901960784313725	49.565217391304344	0.8650762379450154
578	81,76,63	0.3176470588235294	0.2980392156862745	0.24705882352941178	0.3176470588235294	0.24705882352941178	0.07058823529411762	43.33333333333334	0.7563093425308763
579	83,81,67	0.3254901960784314	0.3176470588235294	0.2627450980392157	0.3254901960784314	0.2627450980392157	0.06274509803921569	52.49999999999997	0.9162978572970225
580	84,83,67	0.32941176470588235	0.3254901960784314	0.2627450980392157	0.32941176470588235	0.2627450980392157	0.06666666666666665	56.47058823529413	0.9855976952438569
581	81,75,62	0.3176470588235294	0.29411764705882354	0.24313725490196078	0.3176470588235294	0.24313725490196078	0.07450980392156861	41.05263157894739	0.7165035876608304
582	114,111,95	0.4470588235294118	0.43529411764705883	0.37254901960784315	0.4470588235294118	0.37254901960784315	0.07450980392156864	50.52631578947368	0.8818505694287138
583	114,111,94	0.4470588235294118	0.43529411764705883	0.3686274509803922	0.4470588235294118	0.3686274509803922	0.0784313725490196	50.99999999999999	0.890117918517108
584	81,74,62	0.3176470588235294	0.2901960784313726	0.24313725490196078	0.3176470588235294	0.24313725490196078	0.07450980392156861	37.894736842105296	0.6613879270715359
585	80,73,62	0.3137254901960784	0.28627450980392155	0.24313725490196078	0.3137254901960784	0.24313725490196078	0.07058823529411765	36.66666666666666	0.6399540590645874
586	71,66,51	0.2784313725490196	0.25882352941176473	0.2	0.2784313725490196	0.2	0.0784313725490196	45.000000000000014	0.7853981633974485
587	117,113,94	0.4588235294117647	0.44313725490196076	0.3686274509803922	0.4588235294117647	0.3686274509803922	0.0901960784313725	49.565217391304344	0.8650762379450154
588	117,113,94	0.4588235294117647	0.44313725490196076	0.3686274509803922	0.4588235294117647	0.3686274509803922	0.0901960784313725	49.565217391304344	0.8650762379450154
589	88,81,66	0.34509803921568627	0.3176470588235294	0.25882352941176473	0.34509803921568627	0.25882352941176473	0.08627450980392154	40.90909090909089	0.7139983303613163
590	122,127,115	0.47843137254901963	0.4980392156862745	0.45098039215686275	0.4980392156862745	0.45098039215686275	0.047058823529411764	84.99999999999999	1.48352986419518
591	70,97,52	0.27450980392156865	0.3803921568627451	0.20392156862745098	0.3803921568627451	0.20392156862745098	0.1764705882352941	95.99999999999999	1.675516081914556
592	67,79,63	0.2627450980392157	0.30980392156862746	0.24705882352941178	0.30980392156862746	0.24705882352941178	0.06274509803921569	105.0	1.8325957145940461
593	1,1,1	0.00392156862745098	0.00392156862745098	0.00392156862745098	0.00392156862745098	0.00392156862745098	0.0	0.0	0.0
594	0,0,0	0.0	0.0	0.0	0.0	0.0	0.0	0.0	0.0
595	8,7,7	0.03137254901960784	0.027450980392156862	0.027450980392156862	0.03137254901960784	0.027450980392156862	0.00392156862745098	0.0	0.0
596	9,10,10	0.03529411764705882	0.0392156862745098	0.0392156862745098	0.0392156862745098	0.03529411764705882	0.00392156862745098	180.0	3.141592653589793
597	13,14,12	0.050980392156862744	0.054901960784313725	0.047058823529411764	0.054901960784313725	0.047058823529411764	0.00784313725490196	90.0	1.5707963267948966
598	17,20,18	0.06666666666666667	0.0784313725490196	0.07058823529411765	0.0784313725490196	0.06666666666666667	0.011764705882352941	140.0	2.443460952792061
599	10,9,9	0.0392156862745098	0.03529411764705882	0.03529411764705882	0.0392156862745098	0.03529411764705882	0.00392156862745098	0.0	0.0
